algorithm,dimension,function,run,seed,error,nfe
jSO,20,1,1,2026420100,0,
jSO,20,1,2,2026420101,0,
jSO,20,1,3,2026420102,0,
jSO,20,1,4,2026420103,0,
jSO,20,1,5,2026420104,0,
jSO,20,1,6,2026420105,0,
jSO,20,1,7,2026420106,0,
jSO,20,1,8,2026420107,0,
jSO,20,1,9,2026420108,0,
jSO,20,1,10,2026420109,0,
jSO,20,1,11,2026420110,0,
jSO,20,1,12,2026420111,0,
jSO,20,1,13,2026420112,0,
jSO,20,1,14,2026420113,0,
jSO,20,1,15,2026420114,0,
jSO,20,1,16,2026420115,0,
jSO,20,1,17,2026420116,0,
jSO,20,1,18,2026420117,0,
jSO,20,1,19,2026420118,0,
jSO,20,1,20,2026420119,0,
jSO,20,1,21,2026420120,0,
jSO,20,1,22,2026420121,0,
jSO,20,1,23,2026420122,0,
jSO,20,1,24,2026420123,0,
jSO,20,1,25,2026420124,0,
jSO,20,1,26,2026420125,0,
jSO,20,1,27,2026420126,0,
jSO,20,1,28,2026420127,0,
jSO,20,1,29,2026420128,0,
jSO,20,1,30,2026420129,0,
jSO,20,2,1,2026420200,49.08447897948116,
jSO,20,2,2,2026420201,44.89546931745127,
jSO,20,2,3,2026420202,44.89546931745127,
jSO,20,2,4,2026420203,44.89546931745127,
jSO,20,2,5,2026420204,44.89546931745127,
jSO,20,2,6,2026420205,44.89546931745127,
jSO,20,2,7,2026420206,44.89546931745127,
jSO,20,2,8,2026420207,44.89546931745127,
jSO,20,2,9,2026420208,44.89546931745127,
jSO,20,2,10,2026420209,49.08447897948116,
jSO,20,2,11,2026420210,49.08447897948116,
jSO,20,2,12,2026420211,44.895469317451216,
jSO,20,2,13,2026420212,49.08447897948116,
jSO,20,2,14,2026420213,49.08447897948116,
jSO,20,2,15,2026420214,44.89546931745127,
jSO,20,2,16,2026420215,49.08447897948116,
jSO,20,2,17,2026420216,44.89546931745127,
jSO,20,2,18,2026420217,49.08447897948116,
jSO,20,2,19,2026420218,49.08447897948116,
jSO,20,2,20,2026420219,49.08447897948116,
jSO,20,2,21,2026420220,49.08447897948116,
jSO,20,2,22,2026420221,44.89546931745127,
jSO,20,2,23,2026420222,44.89546931745127,
jSO,20,2,24,2026420223,44.89546931745127,
jSO,20,2,25,2026420224,44.89546931745127,
jSO,20,2,26,2026420225,44.89546931745127,
jSO,20,2,27,2026420226,44.895469317451216,
jSO,20,2,28,2026420227,49.08447897948116,
jSO,20,2,29,2026420228,44.89546931745127,
jSO,20,2,30,2026420229,49.08447897948116,
jSO,20,3,1,2026420300,0,
jSO,20,3,2,2026420301,0,
jSO,20,3,3,2026420302,0,
jSO,20,3,4,2026420303,0,
jSO,20,3,5,2026420304,0,
jSO,20,3,6,2026420305,0,
jSO,20,3,7,2026420306,0,
jSO,20,3,8,2026420307,0,
jSO,20,3,9,2026420308,0,
jSO,20,3,10,2026420309,0,
jSO,20,3,11,2026420310,0,
jSO,20,3,12,2026420311,0,
jSO,20,3,13,2026420312,0,
jSO,20,3,14,2026420313,0,
jSO,20,3,15,2026420314,0,
jSO,20,3,16,2026420315,0,
jSO,20,3,17,2026420316,0,
jSO,20,3,18,2026420317,0,
jSO,20,3,19,2026420318,0,
jSO,20,3,20,2026420319,0,
jSO,20,3,21,2026420320,0,
jSO,20,3,22,2026420321,0,
jSO,20,3,23,2026420322,0,
jSO,20,3,24,2026420323,0,
jSO,20,3,25,2026420324,0,
jSO,20,3,26,2026420325,0,
jSO,20,3,27,2026420326,0,
jSO,20,3,28,2026420327,0,
jSO,20,3,29,2026420328,0,
jSO,20,3,30,2026420329,0,
jSO,20,4,1,2026420400,5.969754342559781,
jSO,20,4,2,2026420401,5.969754342559781,
jSO,20,4,3,2026420402,5.969754342559781,
jSO,20,4,4,2026420403,6.964713399653078,
jSO,20,4,5,2026420404,4.9747952854664845,
jSO,20,4,6,2026420405,6.964713399653078,
jSO,20,4,7,2026420406,6.964713399653078,
jSO,20,4,8,2026420407,4.9747952854664845,
jSO,20,4,9,2026420408,6.964713399653078,
jSO,20,4,10,2026420409,7.959672456746375,
jSO,20,4,11,2026420410,7.959672456746375,
jSO,20,4,12,2026420411,6.964713399653078,
jSO,20,4,13,2026420412,6.964713399653078,
jSO,20,4,14,2026420413,6.964713399653078,
jSO,20,4,15,2026420414,6.964713399653078,
jSO,20,4,16,2026420415,7.959672456746375,
jSO,20,4,17,2026420416,5.969754342559781,
jSO,20,4,18,2026420417,5.969754342559781,
jSO,20,4,19,2026420418,5.969754342559781,
jSO,20,4,20,2026420419,6.964713399653078,
jSO,20,4,21,2026420420,3.9798362283731876,
jSO,20,4,22,2026420421,6.964713399653078,
jSO,20,4,23,2026420422,5.969754342559781,
jSO,20,4,24,2026420423,5.969754342559781,
jSO,20,4,25,2026420424,3.9798362283731876,
jSO,20,4,26,2026420425,5.969754342559781,
jSO,20,4,27,2026420426,6.964713399653078,
jSO,20,4,28,2026420427,6.964713399653078,
jSO,20,4,29,2026420428,5.969754342559781,
jSO,20,4,30,2026420429,5.969754342559781,
jSO,20,5,1,2026420500,0,
jSO,20,5,2,2026420501,0,
jSO,20,5,3,2026420502,0,
jSO,20,5,4,2026420503,0,
jSO,20,5,5,2026420504,0,
jSO,20,5,6,2026420505,0,
jSO,20,5,7,2026420506,0,
jSO,20,5,8,2026420507,0,
jSO,20,5,9,2026420508,0,
jSO,20,5,10,2026420509,0,
jSO,20,5,11,2026420510,0,
jSO,20,5,12,2026420511,0,
jSO,20,5,13,2026420512,0,
jSO,20,5,14,2026420513,0,
jSO,20,5,15,2026420514,0,
jSO,20,5,16,2026420515,0,
jSO,20,5,17,2026420516,0,
jSO,20,5,18,2026420517,0,
jSO,20,5,19,2026420518,0,
jSO,20,5,20,2026420519,0,
jSO,20,5,21,2026420520,0,
jSO,20,5,22,2026420521,0,
jSO,20,5,23,2026420522,0,
jSO,20,5,24,2026420523,0,
jSO,20,5,25,2026420524,0,
jSO,20,5,26,2026420525,0,
jSO,20,5,27,2026420526,0,
jSO,20,5,28,2026420527,0,
jSO,20,5,29,2026420528,0,
jSO,20,5,30,2026420529,0,
jSO,20,6,1,2026420600,0.453288717992109,
jSO,20,6,2,2026420601,0.49954324685199936,
jSO,20,6,3,2026420602,0.4952349734910513,
jSO,20,6,4,2026420603,0.4994822903538534,
jSO,20,6,5,2026420604,0.4042007663745153,
jSO,20,6,6,2026420605,0.4937515188796624,
jSO,20,6,7,2026420606,0.4999997915751919,
jSO,20,6,8,2026420607,0.4940458247549486,
jSO,20,6,9,2026420608,0.4645682665775439,
jSO,20,6,10,2026420609,0.4904026139731741,
jSO,20,6,11,2026420610,0.4999890364249495,
jSO,20,6,12,2026420611,0.4652745185042022,
jSO,20,6,13,2026420612,0.49334430371209237,
jSO,20,6,14,2026420613,0.48612208572353666,
jSO,20,6,15,2026420614,0.4760075222659452,
jSO,20,6,16,2026420615,0.4482988467393625,
jSO,20,6,17,2026420616,0.4980043710525024,
jSO,20,6,18,2026420617,0.49828190447351517,
jSO,20,6,19,2026420618,0.35882789989113917,
jSO,20,6,20,2026420619,0.4999589616645608,
jSO,20,6,21,2026420620,0.49999577900234726,
jSO,20,6,22,2026420621,0.49798478051047823,
jSO,20,6,23,2026420622,0.4917773779761774,
jSO,20,6,24,2026420623,0.4999799352781338,
jSO,20,6,25,2026420624,0.47747232624260505,
jSO,20,6,26,2026420625,0.42428806989050827,
jSO,20,6,27,2026420626,0.4999999153587851,
jSO,20,6,28,2026420627,0.499999999998181,
jSO,20,6,29,2026420628,0.48996117183719434,
jSO,20,6,30,2026420629,0.49163620556282694,
jSO,20,7,1,2026420700,2.343794659103878,
jSO,20,7,2,2026420701,0.3142042126467004,
jSO,20,7,3,2026420702,0.34840198202505235,
jSO,20,7,4,2026420703,2.302104927384562,
jSO,20,7,5,2026420704,4.3704224689493,
jSO,20,7,6,2026420705,2.302091370224616,
jSO,20,7,7,2026420706,2.3021051257899217,
jSO,20,7,8,2026420707,4.604182740346005,
jSO,20,7,9,2026420708,1.6193191312643194,
jSO,20,7,10,2026420709,20.369671248664645,
jSO,20,7,11,2026420710,0.9949726468619247,
jSO,20,7,12,2026420711,1.75970282548883,
jSO,20,7,13,2026420712,1.6193090654087428,
jSO,20,7,14,2026420713,2.6142646261500886,
jSO,20,7,15,2026420714,2.3771114565047355,
jSO,20,7,16,2026420715,3.0388758898341166,
jSO,20,7,17,2026420716,5.599136760190731,
jSO,20,7,18,2026420717,2.650493363864598,
jSO,20,7,19,2026420718,2.8121209451860523,
jSO,20,7,20,2026420719,1.6334826965810407,
jSO,20,7,21,2026420720,5.2869635039673994,
jSO,20,7,22,2026420721,3.9798498259106054,
jSO,20,7,23,2026420722,20.040022925128596,
jSO,20,7,24,2026420723,3.8070699877287097,
jSO,20,7,25,2026420724,1.3071458880740465,
jSO,20,7,26,2026420725,2.3148963496485067,
jSO,20,7,27,2026420726,1.6213922489018842,
jSO,20,7,28,2026420727,2.3020913706409374,
jSO,20,7,29,2026420728,1.073368898699755,
jSO,20,7,30,2026420729,5.287083053786773,
jSO,20,8,1,2026420800,0.31499717596989285,
jSO,20,8,2,2026420801,20.402785104148734,
jSO,20,8,3,2026420802,0.21412261325212967,
jSO,20,8,4,2026420803,19.25767242321581,
jSO,20,8,5,2026420804,18.72030660834662,
jSO,20,8,6,2026420805,20.532971013463793,
jSO,20,8,7,2026420806,20.26664472409584,
jSO,20,8,8,2026420807,20.33606203231284,
jSO,20,8,9,2026420808,13.929157500233941,
jSO,20,8,10,2026420809,19.020587931501268,
jSO,20,8,11,2026420810,19.786233152650766,
jSO,20,8,12,2026420811,15.665386478552136,
jSO,20,8,13,2026420812,3.081661752670243,
jSO,20,8,14,2026420813,20.66557912427743,
jSO,20,8,15,2026420814,0.305238225431367,
jSO,20,8,16,2026420815,20.21091925585324,
jSO,20,8,17,2026420816,20.241678114371098,
jSO,20,8,18,2026420817,20.45900547297242,
jSO,20,8,19,2026420818,7.089168268053072,
jSO,20,8,20,2026420819,7.1249061874927975,
jSO,20,8,21,2026420820,12.187084089430755,
jSO,20,8,22,2026420821,20.168734728061736,
jSO,20,8,23,2026420822,0.7499045242220745,
jSO,20,8,24,2026420823,20.54196757094951,
jSO,20,8,25,2026420824,20.366800911090195,
jSO,20,8,26,2026420825,15.812799696593629,
jSO,20,8,27,2026420826,20.547677213026873,
jSO,20,8,28,2026420827,20.464238939387542,
jSO,20,8,29,2026420828,20.266432871298093,
jSO,20,8,30,2026420829,20.439821511416085,
jSO,20,9,1,2026420900,180.78127167774664,
jSO,20,9,2,2026420901,180.78127167774664,
jSO,20,9,3,2026420902,180.78127167774664,
jSO,20,9,4,2026420903,180.78127167774664,
jSO,20,9,5,2026420904,180.78127167774664,
jSO,20,9,6,2026420905,180.78127167774664,
jSO,20,9,7,2026420906,180.78127167774664,
jSO,20,9,8,2026420907,180.78127167774664,
jSO,20,9,9,2026420908,180.78127167774664,
jSO,20,9,10,2026420909,180.78127167774664,
jSO,20,9,11,2026420910,180.78127167774664,
jSO,20,9,12,2026420911,180.78127167774664,
jSO,20,9,13,2026420912,180.78127167774664,
jSO,20,9,14,2026420913,180.78127167774664,
jSO,20,9,15,2026420914,180.78127167774664,
jSO,20,9,16,2026420915,180.78127167774664,
jSO,20,9,17,2026420916,180.78127167774664,
jSO,20,9,18,2026420917,180.78127167774664,
jSO,20,9,19,2026420918,180.78127167774664,
jSO,20,9,20,2026420919,180.78127167774664,
jSO,20,9,21,2026420920,180.78127167774664,
jSO,20,9,22,2026420921,180.78127167774664,
jSO,20,9,23,2026420922,180.78127167774664,
jSO,20,9,24,2026420923,180.78127167774664,
jSO,20,9,25,2026420924,180.78127167774664,
jSO,20,9,26,2026420925,180.78127167774664,
jSO,20,9,27,2026420926,180.78127167774664,
jSO,20,9,28,2026420927,180.78127167774664,
jSO,20,9,29,2026420928,180.78127167774664,
jSO,20,9,30,2026420929,180.78127167774664,
jSO,20,10,1,2026421000,100.19390087944294,
jSO,20,10,2,2026421001,100.23086516378407,
jSO,20,10,3,2026421002,100.1905049415368,
jSO,20,10,4,2026421003,100.23442896257393,
jSO,20,10,5,2026421004,100.1959913369351,
jSO,20,10,6,2026421005,100.21800601038512,
jSO,20,10,7,2026421006,100.2338435590882,
jSO,20,10,8,2026421007,100.214813513237,
jSO,20,10,9,2026421008,100.23598684199942,
jSO,20,10,10,2026421009,100.22752435269103,
jSO,20,10,11,2026421010,100.22262194382847,
jSO,20,10,12,2026421011,100.21516073529392,
jSO,20,10,13,2026421012,100.23121704678033,
jSO,20,10,14,2026421013,100.24549697669227,
jSO,20,10,15,2026421014,100.24662483584007,
jSO,20,10,16,2026421015,100.24894115835104,
jSO,20,10,17,2026421016,100.21791486857501,
jSO,20,10,18,2026421017,100.21377391656551,
jSO,20,10,19,2026421018,100.21776802057775,
jSO,20,10,20,2026421019,100.24189816727721,
jSO,20,10,21,2026421020,100.23769938750775,
jSO,20,10,22,2026421021,100.21827131620421,
jSO,20,10,23,2026421022,100.21915961878358,
jSO,20,10,24,2026421023,100.26139169698808,
jSO,20,10,25,2026421024,100.22009417021536,
jSO,20,10,26,2026421025,100.24037477497677,
jSO,20,10,27,2026421026,100.23832440101842,
jSO,20,10,28,2026421027,100.24276128321071,
jSO,20,10,29,2026421028,100.28270747131,
jSO,20,10,30,2026421029,100.25964316522095,
jSO,20,11,1,2026421100,300,
jSO,20,11,2,2026421101,300,
jSO,20,11,3,2026421102,300,
jSO,20,11,4,2026421103,300,
jSO,20,11,5,2026421104,300,
jSO,20,11,6,2026421105,300,
jSO,20,11,7,2026421106,400.00000000000045,
jSO,20,11,8,2026421107,300,
jSO,20,11,9,2026421108,300,
jSO,20,11,10,2026421109,300,
jSO,20,11,11,2026421110,300,
jSO,20,11,12,2026421111,300,
jSO,20,11,13,2026421112,400.00000000000045,
jSO,20,11,14,2026421113,300,
jSO,20,11,15,2026421114,300,
jSO,20,11,16,2026421115,300,
jSO,20,11,17,2026421116,300,
jSO,20,11,18,2026421117,400.00000000000045,
jSO,20,11,19,2026421118,300,
jSO,20,11,20,2026421119,300,
jSO,20,11,21,2026421120,300,
jSO,20,11,22,2026421121,300,
jSO,20,11,23,2026421122,300,
jSO,20,11,24,2026421123,300,
jSO,20,11,25,2026421124,300.00000000000045,
jSO,20,11,26,2026421125,300,
jSO,20,11,27,2026421126,300,
jSO,20,11,28,2026421127,300,
jSO,20,11,29,2026421128,300,
jSO,20,11,30,2026421129,300,
jSO,20,12,1,2026421200,231.7372246644395,
jSO,20,12,2,2026421201,230.8107189662901,
jSO,20,12,3,2026421202,232.49898605701992,
jSO,20,12,4,2026421203,232.2603145168,
jSO,20,12,5,2026421204,232.26031451679955,
jSO,20,12,6,2026421205,231.95063763325925,
jSO,20,12,7,2026421206,240.12225590524167,
jSO,20,12,8,2026421207,232.26031451679955,
jSO,20,12,9,2026421208,231.7372246644395,
jSO,20,12,10,2026421209,232.62389358923247,
jSO,20,12,11,2026421210,234.6658265894598,
jSO,20,12,12,2026421211,232.49898605701992,
jSO,20,12,13,2026421212,232.26031451679955,
jSO,20,12,14,2026421213,232.26031451679955,
jSO,20,12,15,2026421214,232.8443281178179,
jSO,20,12,16,2026421215,232.26031451679955,
jSO,20,12,17,2026421216,231.95063763325925,
jSO,20,12,18,2026421217,233.9839607382737,
jSO,20,12,19,2026421218,232.2603145168,
jSO,20,12,20,2026421219,231.2537611420821,
jSO,20,12,21,2026421220,232.26031451679955,
jSO,20,12,22,2026421221,231.95063763325925,
jSO,20,12,23,2026421222,231.95063763325925,
jSO,20,12,24,2026421223,232.2727237162726,
jSO,20,12,25,2026421224,233.9839607382737,
jSO,20,12,26,2026421225,233.47836329842767,
jSO,20,12,27,2026421226,233.9839607382737,
jSO,20,12,28,2026421227,232.2603145168,
jSO,20,12,29,2026421228,233.97430094618903,
jSO,20,12,30,2026421229,232.26031451679955,
