algorithm,dimension,function,run,seed,best_f,error,nfe,elapsed_s
PMJMO-X2f-frozen,10,1,1,2026320100,300,0,200000,35.379856
PMJMO-X2f-frozen,10,1,2,2026320101,300,0,200000,35.45253
PMJMO-X2f-frozen,10,1,3,2026320102,300,0,200000,35.298999
PMJMO-X2f-frozen,10,1,4,2026320103,300,0,200000,30.658243
PMJMO-X2f-frozen,10,1,5,2026320104,300,0,200000,35.267326
PMJMO-X2f-frozen,10,1,6,2026320105,300,0,200000,34.929257
PMJMO-X2f-frozen,10,1,7,2026320106,300,0,200000,35.010056
PMJMO-X2f-frozen,10,1,8,2026320107,300,0,200000,35.160265
PMJMO-X2f-frozen,10,1,9,2026320108,300,0,200000,35.073137
PMJMO-X2f-frozen,10,1,10,2026320109,300,0,200000,35.237202
PMJMO-X2f-frozen,10,1,11,2026320110,300,0,200000,30.854053
PMJMO-X2f-frozen,10,1,12,2026320111,300,0,200000,35.146567
PMJMO-X2f-frozen,10,1,13,2026320112,300,0,200000,35.03804
PMJMO-X2f-frozen,10,1,14,2026320113,300,0,200000,30.655275
PMJMO-X2f-frozen,10,1,15,2026320114,300,0,200000,35.128328
PMJMO-X2f-frozen,10,1,16,2026320115,300,0,200000,35.30473
PMJMO-X2f-frozen,10,1,17,2026320116,300,0,200000,35.204294
PMJMO-X2f-frozen,10,1,18,2026320117,300,0,200000,35.284432
PMJMO-X2f-frozen,10,1,19,2026320118,300,0,200000,35.464519
PMJMO-X2f-frozen,10,1,20,2026320119,300,0,200000,35.12625
PMJMO-X2f-frozen,10,1,21,2026320120,300,0,200000,35.083089
PMJMO-X2f-frozen,10,1,22,2026320121,300,0,200000,35.127019
PMJMO-X2f-frozen,10,1,23,2026320122,300,0,200000,35.261894
PMJMO-X2f-frozen,10,1,24,2026320123,300,0,200000,35.053956
PMJMO-X2f-frozen,10,1,25,2026320124,300,0,200000,30.677584
PMJMO-X2f-frozen,10,1,26,2026320125,300,0,200000,35.15125
PMJMO-X2f-frozen,10,1,27,2026320126,300,0,200000,30.757778
PMJMO-X2f-frozen,10,1,28,2026320127,300,0,200000,30.638083
PMJMO-X2f-frozen,10,1,29,2026320128,300,0,200000,35.003516
PMJMO-X2f-frozen,10,1,30,2026320129,300,0,200000,35.034633
PMJMO-X2f-frozen,10,2,1,2026320200,403.98657911234716,3.986579112347158,200000,34.981942
PMJMO-X2f-frozen,10,2,2,2026320201,403.98657911234716,3.986579112347158,200000,34.535287
PMJMO-X2f-frozen,10,2,3,2026320202,403.98657911234716,3.986579112347158,200000,34.574139
PMJMO-X2f-frozen,10,2,4,2026320203,400,0,200000,35.11118
PMJMO-X2f-frozen,10,2,5,2026320204,403.98657911234716,3.986579112347158,200000,34.853507
PMJMO-X2f-frozen,10,2,6,2026320205,408.9161019277813,8.916101927781312,200000,34.714709
PMJMO-X2f-frozen,10,2,7,2026320206,400,0,200000,34.346864
PMJMO-X2f-frozen,10,2,8,2026320207,403.98657911234716,3.986579112347158,200000,34.726666
PMJMO-X2f-frozen,10,2,9,2026320208,403.98657911234716,3.986579112347158,200000,34.761446
PMJMO-X2f-frozen,10,2,10,2026320209,403.98657911234716,3.986579112347158,200000,34.739513
PMJMO-X2f-frozen,10,2,11,2026320210,400,0,200000,34.550933
PMJMO-X2f-frozen,10,2,12,2026320211,400,0,200000,34.593804
PMJMO-X2f-frozen,10,2,13,2026320212,408.9161019277813,8.916101927781312,200000,34.588577
PMJMO-X2f-frozen,10,2,14,2026320213,403.98657911234716,3.986579112347158,200000,34.459037
PMJMO-X2f-frozen,10,2,15,2026320214,470.7810838140556,70.78108381405559,200000,34.867946
PMJMO-X2f-frozen,10,2,16,2026320215,400,0,200000,34.493954
PMJMO-X2f-frozen,10,2,17,2026320216,400,0,200000,34.692035
PMJMO-X2f-frozen,10,2,18,2026320217,400,0,200000,34.848963
PMJMO-X2f-frozen,10,2,19,2026320218,400,0,200000,34.489446
PMJMO-X2f-frozen,10,2,20,2026320219,408.9161019277813,8.916101927781312,200000,34.499131
PMJMO-X2f-frozen,10,2,21,2026320220,400,0,200000,34.779178
PMJMO-X2f-frozen,10,2,22,2026320221,400,0,200000,34.526061
PMJMO-X2f-frozen,10,2,23,2026320222,403.98657911234716,3.986579112347158,200000,34.46026
PMJMO-X2f-frozen,10,2,24,2026320223,400,0,200000,34.739644
PMJMO-X2f-frozen,10,2,25,2026320224,470.7810838140556,70.78108381405559,200000,34.796416
PMJMO-X2f-frozen,10,2,26,2026320225,408.9161019277813,8.916101927781312,200000,34.519654
PMJMO-X2f-frozen,10,2,27,2026320226,408.9161019277813,8.916101927781312,200000,34.432351
PMJMO-X2f-frozen,10,2,28,2026320227,408.9161019277813,8.916101927781312,200000,34.421725
PMJMO-X2f-frozen,10,2,29,2026320228,400,0,200000,34.588508
PMJMO-X2f-frozen,10,2,30,2026320229,408.9161019277813,8.916101927781312,200000,34.742071
PMJMO-X2f-frozen,10,3,1,2026320300,600,0,200000,26.251087
PMJMO-X2f-frozen,10,3,2,2026320301,600,0,200000,26.39133
PMJMO-X2f-frozen,10,3,3,2026320302,600,0,200000,26.30044
PMJMO-X2f-frozen,10,3,4,2026320303,600,0,200000,26.084399
PMJMO-X2f-frozen,10,3,5,2026320304,600,0,200000,25.956387
PMJMO-X2f-frozen,10,3,6,2026320305,600,0,200000,25.991851
PMJMO-X2f-frozen,10,3,7,2026320306,600,0,200000,26.220189
PMJMO-X2f-frozen,10,3,8,2026320307,600,0,200000,26.352839
PMJMO-X2f-frozen,10,3,9,2026320308,600,0,200000,26.146632
PMJMO-X2f-frozen,10,3,10,2026320309,600,0,200000,26.178326
PMJMO-X2f-frozen,10,3,11,2026320310,600,0,200000,26.280114
PMJMO-X2f-frozen,10,3,12,2026320311,600,0,200000,26.093151
PMJMO-X2f-frozen,10,3,13,2026320312,600,0,200000,26.240502
PMJMO-X2f-frozen,10,3,14,2026320313,600,0,200000,26.268904
PMJMO-X2f-frozen,10,3,15,2026320314,600,0,200000,26.159938
PMJMO-X2f-frozen,10,3,16,2026320315,600,0,200000,26.129553
PMJMO-X2f-frozen,10,3,17,2026320316,600,0,200000,26.217454
PMJMO-X2f-frozen,10,3,18,2026320317,600,0,200000,26.345314
PMJMO-X2f-frozen,10,3,19,2026320318,600,0,200000,26.200542
PMJMO-X2f-frozen,10,3,20,2026320319,600,0,200000,26.125412
PMJMO-X2f-frozen,10,3,21,2026320320,600,0,200000,26.149401
PMJMO-X2f-frozen,10,3,22,2026320321,600,0,200000,26.117199
PMJMO-X2f-frozen,10,3,23,2026320322,600,0,200000,26.261699
PMJMO-X2f-frozen,10,3,24,2026320323,600,0,200000,26.369574
PMJMO-X2f-frozen,10,3,25,2026320324,600,0,200000,26.270921
PMJMO-X2f-frozen,10,3,26,2026320325,600,0,200000,26.231193
PMJMO-X2f-frozen,10,3,27,2026320326,600,0,200000,26.241234
PMJMO-X2f-frozen,10,3,28,2026320327,600,0,200000,26.187359
PMJMO-X2f-frozen,10,3,29,2026320328,600,0,200000,26.311438
PMJMO-X2f-frozen,10,3,30,2026320329,600,0,200000,26.344721
PMJMO-X2f-frozen,10,4,1,2026320400,802.9848771712799,2.9848771712798907,200000,30.190972
PMJMO-X2f-frozen,10,4,2,2026320401,805.969823089928,5.969823089928013,200000,29.29588
PMJMO-X2f-frozen,10,4,3,2026320402,804.9748163178288,4.974816317828754,200000,29.09808
PMJMO-X2f-frozen,10,4,4,2026320403,804.9748819555582,4.974881955558203,200000,28.848413
PMJMO-X2f-frozen,10,4,5,2026320404,804.9747952854665,4.9747952854664845,200000,29.27132
PMJMO-X2f-frozen,10,4,6,2026320405,805.9697543425598,5.969754342559781,200000,30.311873
PMJMO-X2f-frozen,10,4,7,2026320406,808.9546264760206,8.954626476020621,200000,29.686545
PMJMO-X2f-frozen,10,4,8,2026320407,802.9848771712799,2.9848771712798907,200000,30.688313
PMJMO-X2f-frozen,10,4,9,2026320408,807.9596674189273,7.959667418927324,200000,30.593348
PMJMO-X2f-frozen,10,4,10,2026320409,802.9849280885182,2.984928088518245,200000,30.058522
PMJMO-X2f-frozen,10,4,11,2026320410,805.9697543425598,5.969754342559781,200000,30.520046
PMJMO-X2f-frozen,10,4,12,2026320411,804.9747952854665,4.9747952854664845,200000,30.42997
PMJMO-X2f-frozen,10,4,13,2026320412,802.9848771712799,2.9848771712798907,200000,30.485563
PMJMO-X2f-frozen,10,4,14,2026320413,803.9798362283732,3.9798362283731876,200000,29.93729
PMJMO-X2f-frozen,10,4,15,2026320414,806.964708361834,6.9647083618340275,200000,30.742151
PMJMO-X2f-frozen,10,4,16,2026320415,804.9747952854665,4.9747952854664845,200000,30.33974
PMJMO-X2f-frozen,10,4,17,2026320416,802.9848958664796,2.984895866479633,200000,29.748101
PMJMO-X2f-frozen,10,4,18,2026320417,802.9848771712816,2.984877171281596,200000,29.910275
PMJMO-X2f-frozen,10,4,19,2026320418,803.9798362283732,3.9798362283731876,200000,30.031095
PMJMO-X2f-frozen,10,4,20,2026320419,802.9848773415249,2.984877341524907,200000,29.59537
PMJMO-X2f-frozen,10,4,21,2026320420,804.9747952854665,4.9747952854664845,200000,30.326649
PMJMO-X2f-frozen,10,4,22,2026320421,804.9747952854665,4.9747952854664845,200000,30.084203
PMJMO-X2f-frozen,10,4,23,2026320422,802.9848771712799,2.9848771712798907,200000,30.031949
PMJMO-X2f-frozen,10,4,24,2026320423,804.9747952854665,4.9747952854664845,200000,29.743928
PMJMO-X2f-frozen,10,4,25,2026320424,804.9747952854665,4.9747952854664845,200000,30.627323
PMJMO-X2f-frozen,10,4,26,2026320425,802.9848771712799,2.9848771712798907,200000,30.2202
PMJMO-X2f-frozen,10,4,27,2026320426,807.9596886234995,7.95968862349946,200000,29.506138
PMJMO-X2f-frozen,10,4,28,2026320427,801.9899701135255,1.9899701135254872,200000,29.611998
PMJMO-X2f-frozen,10,4,29,2026320428,802.9849027329643,2.984902732964315,200000,29.420176
PMJMO-X2f-frozen,10,4,30,2026320429,804.9747952854665,4.9747952854664845,200000,29.992764
PMJMO-X2f-frozen,10,5,1,2026320500,900,0,200000,34.638702
PMJMO-X2f-frozen,10,5,2,2026320501,900,0,200000,34.437571
PMJMO-X2f-frozen,10,5,3,2026320502,900,0,200000,34.533961
PMJMO-X2f-frozen,10,5,4,2026320503,900,0,200000,34.510241
PMJMO-X2f-frozen,10,5,5,2026320504,900,0,200000,34.267768
PMJMO-X2f-frozen,10,5,6,2026320505,900,0,200000,34.117688
PMJMO-X2f-frozen,10,5,7,2026320506,900,0,200000,34.249208
PMJMO-X2f-frozen,10,5,8,2026320507,900,0,200000,34.231717
PMJMO-X2f-frozen,10,5,9,2026320508,900,0,200000,34.102715
PMJMO-X2f-frozen,10,5,10,2026320509,900,0,200000,34.212109
PMJMO-X2f-frozen,10,5,11,2026320510,900,0,200000,34.172714
PMJMO-X2f-frozen,10,5,12,2026320511,900,0,200000,34.121108
PMJMO-X2f-frozen,10,5,13,2026320512,900,0,200000,29.706389
PMJMO-X2f-frozen,10,5,14,2026320513,900,0,200000,34.067752
PMJMO-X2f-frozen,10,5,15,2026320514,900,0,200000,34.021166
PMJMO-X2f-frozen,10,5,16,2026320515,900,0,200000,34.08809
PMJMO-X2f-frozen,10,5,17,2026320516,900,0,200000,34.047674
PMJMO-X2f-frozen,10,5,18,2026320517,900,0,200000,34.122436
PMJMO-X2f-frozen,10,5,19,2026320518,900,0,200000,34.171544
PMJMO-X2f-frozen,10,5,20,2026320519,900,0,200000,34.075546
PMJMO-X2f-frozen,10,5,21,2026320520,900,0,200000,34.024183
PMJMO-X2f-frozen,10,5,22,2026320521,900,0,200000,33.98788
PMJMO-X2f-frozen,10,5,23,2026320522,900,0,200000,34.061713
PMJMO-X2f-frozen,10,5,24,2026320523,900,0,200000,33.92478
PMJMO-X2f-frozen,10,5,25,2026320524,900,0,200000,34.010952
PMJMO-X2f-frozen,10,5,26,2026320525,900,0,200000,34.034028
PMJMO-X2f-frozen,10,5,27,2026320526,900,0,200000,34.04651
PMJMO-X2f-frozen,10,5,28,2026320527,900,0,200000,34.017327
PMJMO-X2f-frozen,10,5,29,2026320528,900,0,200000,34.0133
PMJMO-X2f-frozen,10,5,30,2026320529,900,0,200000,33.988203
PMJMO-X2f-frozen,10,6,1,2026320600,1805.0821999217458,5.082199921745769,200000,34.670181
PMJMO-X2f-frozen,10,6,2,2026320601,1800.2433130894299,0.24331308942987562,200000,34.545149
PMJMO-X2f-frozen,10,6,3,2026320602,1800.7928659651136,0.7928659651136059,200000,34.485971
PMJMO-X2f-frozen,10,6,4,2026320603,1801.0182986255184,1.018298625518355,200000,34.445625
PMJMO-X2f-frozen,10,6,5,2026320604,1820.2250677027134,20.22506770271343,200000,34.599427
PMJMO-X2f-frozen,10,6,6,2026320605,1801.4541562144177,1.4541562144177078,200000,34.269324
PMJMO-X2f-frozen,10,6,7,2026320606,1810.0730220449855,10.073022044985464,200000,34.253348
PMJMO-X2f-frozen,10,6,8,2026320607,1817.0358736305063,17.03587363050633,200000,34.254782
PMJMO-X2f-frozen,10,6,9,2026320608,1800.4423207107845,0.4423207107845428,200000,34.272472
PMJMO-X2f-frozen,10,6,10,2026320609,1801.1678751979537,1.1678751979536628,200000,34.35416
PMJMO-X2f-frozen,10,6,11,2026320610,1801.1789945503776,1.178994550377638,200000,34.299742
PMJMO-X2f-frozen,10,6,12,2026320611,1805.0292419325817,5.029241932581726,200000,34.309814
PMJMO-X2f-frozen,10,6,13,2026320612,1801.0954118714108,1.0954118714107608,200000,34.237505
PMJMO-X2f-frozen,10,6,14,2026320613,1800.1904265692751,0.19042656927513235,200000,34.265123
PMJMO-X2f-frozen,10,6,15,2026320614,1800.40728200691,0.40728200691000893,200000,34.211362
PMJMO-X2f-frozen,10,6,16,2026320615,1800.074761890205,0.07476189020508173,200000,34.156513
PMJMO-X2f-frozen,10,6,17,2026320616,1800.1798836677692,0.17988366776921794,200000,34.182967
PMJMO-X2f-frozen,10,6,18,2026320617,1802.230041582361,2.230041582361082,200000,34.172048
PMJMO-X2f-frozen,10,6,19,2026320618,1809.1985637599107,9.198563759910712,200000,34.143544
PMJMO-X2f-frozen,10,6,20,2026320619,1805.205003487896,5.205003487895965,200000,34.163124
PMJMO-X2f-frozen,10,6,21,2026320620,1804.233926327717,4.233926327716972,200000,34.195367
PMJMO-X2f-frozen,10,6,22,2026320621,1801.1787214040357,1.1787214040357412,200000,34.305679
PMJMO-X2f-frozen,10,6,23,2026320622,1800.4996176230318,0.4996176230317815,200000,34.257718
PMJMO-X2f-frozen,10,6,24,2026320623,1801.288071784531,1.2880717845309846,200000,34.233974
PMJMO-X2f-frozen,10,6,25,2026320624,1804.4519079698123,4.451907969812282,200000,34.254758
PMJMO-X2f-frozen,10,6,26,2026320625,1800.0892540873442,0.0892540873442158,200000,34.240643
PMJMO-X2f-frozen,10,6,27,2026320626,1802.059296942351,2.0592969423510112,200000,34.202642
PMJMO-X2f-frozen,10,6,28,2026320627,1804.1710084125275,4.171008412527499,200000,34.361925
PMJMO-X2f-frozen,10,6,29,2026320628,1801.4572499664603,1.4572499664602674,200000,34.259323
PMJMO-X2f-frozen,10,6,30,2026320629,1801.4658704448611,1.4658704448611388,200000,34.162067
PMJMO-X2f-frozen,10,7,1,2026320700,2000,0,200000,34.551391
PMJMO-X2f-frozen,10,7,2,2026320701,2000.0000000000002,0,200000,34.671216
PMJMO-X2f-frozen,10,7,3,2026320702,2000,0,200000,34.373205
PMJMO-X2f-frozen,10,7,4,2026320703,2000,0,200000,34.010306
PMJMO-X2f-frozen,10,7,5,2026320704,2000.0000000000005,0,200000,33.95612
PMJMO-X2f-frozen,10,7,6,2026320705,2000,0,200000,34.094436
PMJMO-X2f-frozen,10,7,7,2026320706,2000,0,200000,34.172094
PMJMO-X2f-frozen,10,7,8,2026320707,2000,0,200000,33.874923
PMJMO-X2f-frozen,10,7,9,2026320708,2000,0,200000,34.280063
PMJMO-X2f-frozen,10,7,10,2026320709,2000.0000000000002,0,200000,33.555114
PMJMO-X2f-frozen,10,7,11,2026320710,2000,0,200000,33.928251
PMJMO-X2f-frozen,10,7,12,2026320711,2000.0000000000002,0,200000,34.472695
PMJMO-X2f-frozen,10,7,13,2026320712,2000,0,200000,34.049766
PMJMO-X2f-frozen,10,7,14,2026320713,2000,0,200000,34.091226
PMJMO-X2f-frozen,10,7,15,2026320714,2000,0,200000,34.146648
PMJMO-X2f-frozen,10,7,16,2026320715,2000,0,200000,34.361067
PMJMO-X2f-frozen,10,7,17,2026320716,2020.0021094137853,20.00210941378532,200000,33.894564
PMJMO-X2f-frozen,10,7,18,2026320717,2000,0,200000,34.23076
PMJMO-X2f-frozen,10,7,19,2026320718,2000,0,200000,33.964772
PMJMO-X2f-frozen,10,7,20,2026320719,2000.0000000000005,0,200000,34.014185
PMJMO-X2f-frozen,10,7,21,2026320720,2000.0000000000005,0,200000,34.174203
PMJMO-X2f-frozen,10,7,22,2026320721,2000,0,200000,34.360399
PMJMO-X2f-frozen,10,7,23,2026320722,2000,0,200000,34.307233
PMJMO-X2f-frozen,10,7,24,2026320723,2000,0,200000,34.111445
PMJMO-X2f-frozen,10,7,25,2026320724,2000.0000000000005,0,200000,34.303883
PMJMO-X2f-frozen,10,7,26,2026320725,2000,0,200000,33.60305
PMJMO-X2f-frozen,10,7,27,2026320726,2000.0000000000002,0,200000,34.12305
PMJMO-X2f-frozen,10,7,28,2026320727,2000.0000000000002,0,200000,34.157954
PMJMO-X2f-frozen,10,7,29,2026320728,2000,0,200000,34.121095
PMJMO-X2f-frozen,10,7,30,2026320729,2000.0000000000002,0,200000,34.247926
PMJMO-X2f-frozen,10,8,1,2026320800,2220.0492071308795,20.049207130879495,200000,33.232739
PMJMO-X2f-frozen,10,8,2,2026320801,2220.0951104511614,20.095110451161418,200000,32.850724
PMJMO-X2f-frozen,10,8,3,2026320802,2220.043496658798,20.043496658798176,200000,32.565274
PMJMO-X2f-frozen,10,8,4,2026320803,2200.057723086356,0.05772308635596346,200000,34.019727
PMJMO-X2f-frozen,10,8,5,2026320804,2200.669781623151,0.6697816231508114,200000,33.779229
PMJMO-X2f-frozen,10,8,6,2026320805,2200.7260275801686,0.7260275801686475,200000,33.597667
PMJMO-X2f-frozen,10,8,7,2026320806,2200.6291541306723,0.6291541306723047,200000,33.525375
PMJMO-X2f-frozen,10,8,8,2026320807,2200.003781922704,0.0037819227040927217,200000,33.506028
PMJMO-X2f-frozen,10,8,9,2026320808,2220.0411503014825,20.041150301482503,200000,32.677942
PMJMO-X2f-frozen,10,8,10,2026320809,2220.028034234644,20.02803423464411,200000,32.512147
PMJMO-X2f-frozen,10,8,11,2026320810,2200.0992670563246,0.09926705632460653,200000,33.199837
PMJMO-X2f-frozen,10,8,12,2026320811,2200.665917024145,0.6659170241450738,200000,33.255951
PMJMO-X2f-frozen,10,8,13,2026320812,2200.6241144380347,0.6241144380346668,200000,33.177685
PMJMO-X2f-frozen,10,8,14,2026320813,2200.1063811658096,0.10638116580958012,200000,34.179805
PMJMO-X2f-frozen,10,8,15,2026320814,2200.013557649173,0.013557649172980746,200000,33.563848
PMJMO-X2f-frozen,10,8,16,2026320815,2220.036366741297,20.036366741297115,200000,32.133387
PMJMO-X2f-frozen,10,8,17,2026320816,2200.6410138668016,0.6410138668015861,200000,33.846493
PMJMO-X2f-frozen,10,8,18,2026320817,2200.65399539282,0.6539953928199793,200000,34.112748
PMJMO-X2f-frozen,10,8,19,2026320818,2200.0745000514125,0.07450005141254223,200000,32.308121
PMJMO-X2f-frozen,10,8,20,2026320819,2220.0114733021446,20.011473302144623,200000,32.610475
PMJMO-X2f-frozen,10,8,21,2026320820,2200.055775528159,0.05577552815884701,200000,34.226985
PMJMO-X2f-frozen,10,8,22,2026320821,2200.0103278317106,0.010327831710583268,200000,33.902562
PMJMO-X2f-frozen,10,8,23,2026320822,2200.002542229926,0.00254222992589348,200000,34.361895
PMJMO-X2f-frozen,10,8,24,2026320823,2220.061303109448,20.06130310944809,200000,33.419575
PMJMO-X2f-frozen,10,8,25,2026320824,2200.640437410008,0.6404374100079622,200000,33.721017
PMJMO-X2f-frozen,10,8,26,2026320825,2200.653747182664,0.6537471826641195,200000,34.329184
PMJMO-X2f-frozen,10,8,27,2026320826,2200.6656550189773,0.6656550189773043,200000,34.42859
PMJMO-X2f-frozen,10,8,28,2026320827,2200.0008014438386,0.0008014438385544054,200000,35.014956
PMJMO-X2f-frozen,10,8,29,2026320828,2200.083923729648,0.08392372964817696,200000,33.635446
PMJMO-X2f-frozen,10,8,30,2026320829,2220.000130265732,20.00013026573197,200000,33.972619
PMJMO-X2f-frozen,10,9,1,2026320900,2529.284382708487,229.2843827084871,200000,35.770916
PMJMO-X2f-frozen,10,9,2,2026320901,2529.284382708487,229.2843827084871,200000,35.686342
PMJMO-X2f-frozen,10,9,3,2026320902,2529.284382708487,229.2843827084871,200000,35.420467
PMJMO-X2f-frozen,10,9,4,2026320903,2529.284382708487,229.2843827084871,200000,35.377402
PMJMO-X2f-frozen,10,9,5,2026320904,2529.284382708487,229.2843827084871,200000,35.347636
PMJMO-X2f-frozen,10,9,6,2026320905,2529.284382708487,229.2843827084871,200000,35.405599
PMJMO-X2f-frozen,10,9,7,2026320906,2529.284382708487,229.2843827084871,200000,35.371846
PMJMO-X2f-frozen,10,9,8,2026320907,2529.284382708487,229.2843827084871,200000,35.321131
PMJMO-X2f-frozen,10,9,9,2026320908,2529.284382708487,229.2843827084871,200000,35.376932
PMJMO-X2f-frozen,10,9,10,2026320909,2529.284382708487,229.2843827084871,200000,35.274494
PMJMO-X2f-frozen,10,9,11,2026320910,2529.284382708487,229.2843827084871,200000,35.35236
PMJMO-X2f-frozen,10,9,12,2026320911,2529.284382708487,229.2843827084871,200000,35.354048
PMJMO-X2f-frozen,10,9,13,2026320912,2676.2163309151006,376.21633091510057,200000,35.444921
PMJMO-X2f-frozen,10,9,14,2026320913,2529.284382708487,229.2843827084871,200000,35.426352
PMJMO-X2f-frozen,10,9,15,2026320914,2529.284382708487,229.2843827084871,200000,35.443055
PMJMO-X2f-frozen,10,9,16,2026320915,2529.284382708487,229.2843827084871,200000,35.407171
PMJMO-X2f-frozen,10,9,17,2026320916,2529.284382708487,229.2843827084871,200000,35.387736
PMJMO-X2f-frozen,10,9,18,2026320917,2529.284382708487,229.2843827084871,200000,35.368497
PMJMO-X2f-frozen,10,9,19,2026320918,2529.284382708487,229.2843827084871,200000,35.400024
PMJMO-X2f-frozen,10,9,20,2026320919,2529.284382708487,229.2843827084871,200000,35.41028
PMJMO-X2f-frozen,10,9,21,2026320920,2529.284382708487,229.2843827084871,200000,35.39263
PMJMO-X2f-frozen,10,9,22,2026320921,2529.284382708487,229.2843827084871,200000,35.461499
PMJMO-X2f-frozen,10,9,23,2026320922,2529.284382708487,229.2843827084871,200000,35.43802
PMJMO-X2f-frozen,10,9,24,2026320923,2529.284382708487,229.2843827084871,200000,35.340131
PMJMO-X2f-frozen,10,9,25,2026320924,2529.284382708487,229.2843827084871,200000,35.426612
PMJMO-X2f-frozen,10,9,26,2026320925,2529.284382708487,229.2843827084871,200000,35.408963
PMJMO-X2f-frozen,10,9,27,2026320926,2529.284382708487,229.2843827084871,200000,35.404575
PMJMO-X2f-frozen,10,9,28,2026320927,2529.284382708487,229.2843827084871,200000,35.405396
PMJMO-X2f-frozen,10,9,29,2026320928,2529.284382708487,229.2843827084871,200000,35.324583
PMJMO-X2f-frozen,10,9,30,2026320929,2529.284382708487,229.2843827084871,200000,35.354077
PMJMO-X2f-frozen,10,10,1,2026321000,2500.2673418636923,100.26734186369231,200000,35.931831
PMJMO-X2f-frozen,10,10,2,2026321001,2500.298675311137,100.29867531113678,200000,35.591258
PMJMO-X2f-frozen,10,10,3,2026321002,2603.723708740545,203.72370874054513,200000,31.957883
PMJMO-X2f-frozen,10,10,4,2026321003,2606.390076059971,206.39007605997085,200000,32.524717
PMJMO-X2f-frozen,10,10,5,2026321004,2500.276982894132,100.27698289413183,200000,32.833428
PMJMO-X2f-frozen,10,10,6,2026321005,2604.160722262749,204.160722262749,200000,31.740306
PMJMO-X2f-frozen,10,10,7,2026321006,2500.2106134973596,100.21061349735965,200000,34.047521
PMJMO-X2f-frozen,10,10,8,2026321007,2500.274118862541,100.27411886254094,200000,35.329241
PMJMO-X2f-frozen,10,10,9,2026321008,2500.374718142208,100.37471814220817,200000,34.010287
PMJMO-X2f-frozen,10,10,10,2026321009,2500.2151831106407,100.21518311064074,200000,33.439164
PMJMO-X2f-frozen,10,10,11,2026321010,2500.321357250546,100.32135725054604,200000,33.20256
PMJMO-X2f-frozen,10,10,12,2026321011,2500.2932677337167,100.29326773371668,200000,34.956996
PMJMO-X2f-frozen,10,10,13,2026321012,2606.7583952416226,206.75839524162257,200000,31.919919
PMJMO-X2f-frozen,10,10,14,2026321013,2604.8797973331716,204.8797973331716,200000,33.555507
PMJMO-X2f-frozen,10,10,15,2026321014,2606.6954838454735,206.69548384547352,200000,32.700537
PMJMO-X2f-frozen,10,10,16,2026321015,2500.31506091757,100.31506091757001,200000,35.784562
PMJMO-X2f-frozen,10,10,17,2026321016,2500.327830569396,100.32783056939616,200000,35.648919
PMJMO-X2f-frozen,10,10,18,2026321017,2500.301508237463,100.30150823746317,200000,35.365834
PMJMO-X2f-frozen,10,10,19,2026321018,2500.284246704188,100.28424670418781,200000,35.170221
PMJMO-X2f-frozen,10,10,20,2026321019,2500.3461072018436,100.34610720184355,200000,33.17151
PMJMO-X2f-frozen,10,10,21,2026321020,2605.121736874564,205.1217368745638,200000,32.931077
PMJMO-X2f-frozen,10,10,22,2026321021,2500.2406512734137,100.24065127341373,200000,31.006005
PMJMO-X2f-frozen,10,10,23,2026321022,2500.2836296899013,100.28362968990132,200000,33.148793
PMJMO-X2f-frozen,10,10,24,2026321023,2500.205129736486,100.20512973648601,200000,32.287537
PMJMO-X2f-frozen,10,10,25,2026321024,2500.250203412101,100.2502034121012,200000,32.281606
PMJMO-X2f-frozen,10,10,26,2026321025,2500.290155864715,100.29015586471496,200000,35.271029
PMJMO-X2f-frozen,10,10,27,2026321026,2500.234211347782,100.2342113477821,200000,33.604901
PMJMO-X2f-frozen,10,10,28,2026321027,2604.0524501452105,204.0524501452105,200000,31.486177
PMJMO-X2f-frozen,10,10,29,2026321028,2500.261546415347,100.26154641534686,200000,34.630414
PMJMO-X2f-frozen,10,10,30,2026321029,2605.8044950064777,205.80449500647774,200000,31.123162
PMJMO-X2f-frozen,10,11,1,2026321100,2600.0000000000005,0,200000,23.633194
PMJMO-X2f-frozen,10,11,2,2026321101,2600,0,200000,26.642923
PMJMO-X2f-frozen,10,11,3,2026321102,2600.0000000000005,0,200000,26.720081
PMJMO-X2f-frozen,10,11,4,2026321103,2600.0000000000005,0,200000,26.576889
PMJMO-X2f-frozen,10,11,5,2026321104,2600,0,200000,23.324596
PMJMO-X2f-frozen,10,11,6,2026321105,2600.0000000000005,0,200000,26.534007
PMJMO-X2f-frozen,10,11,7,2026321106,2600.0000000000005,0,200000,23.432017
PMJMO-X2f-frozen,10,11,8,2026321107,3000,400,200000,23.83529
PMJMO-X2f-frozen,10,11,9,2026321108,2600,0,200000,25.708039
PMJMO-X2f-frozen,10,11,10,2026321109,2600.0000000000005,0,200000,26.556878
PMJMO-X2f-frozen,10,11,11,2026321110,2600,0,200000,26.425513
PMJMO-X2f-frozen,10,11,12,2026321111,2600,0,200000,23.562644
PMJMO-X2f-frozen,10,11,13,2026321112,2600,0,200000,26.466056
PMJMO-X2f-frozen,10,11,14,2026321113,2600.0000000000005,0,200000,26.511094
PMJMO-X2f-frozen,10,11,15,2026321114,2600.0000000000005,0,200000,26.508451
PMJMO-X2f-frozen,10,11,16,2026321115,2600.0000000000005,0,200000,23.328863
PMJMO-X2f-frozen,10,11,17,2026321116,2750.4271638095893,150.42716380958927,200000,26.569861
PMJMO-X2f-frozen,10,11,18,2026321117,2600.0000000000005,0,200000,26.457866
PMJMO-X2f-frozen,10,11,19,2026321118,2600,0,200000,26.489031
PMJMO-X2f-frozen,10,11,20,2026321119,2600,0,200000,26.477386
PMJMO-X2f-frozen,10,11,21,2026321120,2750.427163809589,150.42716380958882,200000,26.637682
PMJMO-X2f-frozen,10,11,22,2026321121,2600,0,200000,26.540931
PMJMO-X2f-frozen,10,11,23,2026321122,2900,300,200000,23.803772
PMJMO-X2f-frozen,10,11,24,2026321123,2600,0,200000,26.548772
PMJMO-X2f-frozen,10,11,25,2026321124,2600,0,200000,26.526567
PMJMO-X2f-frozen,10,11,26,2026321125,2600.0000000000005,0,200000,26.550079
PMJMO-X2f-frozen,10,11,27,2026321126,2600.0000000000005,0,200000,26.573148
PMJMO-X2f-frozen,10,11,28,2026321127,2600.0000000000005,0,200000,26.555108
PMJMO-X2f-frozen,10,11,29,2026321128,2600.0000000000005,0,200000,23.454592
PMJMO-X2f-frozen,10,11,30,2026321129,2600,0,200000,26.542516
PMJMO-X2f-frozen,10,12,1,2026321200,2864.9310079029074,164.93100790290737,200000,35.737773
PMJMO-X2f-frozen,10,12,2,2026321201,2865.2126055976614,165.21260559766142,200000,35.641348
PMJMO-X2f-frozen,10,12,3,2026321202,2864.9310079029074,164.93100790290737,200000,35.8092
PMJMO-X2f-frozen,10,12,4,2026321203,2862.7001305353288,162.70013053532875,200000,35.749403
PMJMO-X2f-frozen,10,12,5,2026321204,2865.8458862715343,165.84588627153425,200000,35.544597
PMJMO-X2f-frozen,10,12,6,2026321205,2863.8777099646395,163.8777099646395,200000,35.493633
PMJMO-X2f-frozen,10,12,7,2026321206,2864.9310079029074,164.93100790290737,200000,35.71074
PMJMO-X2f-frozen,10,12,8,2026321207,2864.9310079029074,164.93100790290737,200000,35.63352
PMJMO-X2f-frozen,10,12,9,2026321208,2863.924512134289,163.92451213428922,200000,35.643845
PMJMO-X2f-frozen,10,12,10,2026321209,2864.9219415680004,164.92194156800042,200000,35.475834
PMJMO-X2f-frozen,10,12,11,2026321210,2864.931007902907,164.9310079029069,200000,35.512056
PMJMO-X2f-frozen,10,12,12,2026321211,2862.7001305353288,162.70013053532875,200000,35.108563
PMJMO-X2f-frozen,10,12,13,2026321212,2864.9219415680004,164.92194156800042,200000,35.563567
PMJMO-X2f-frozen,10,12,14,2026321213,2864.9310079029074,164.93100790290737,200000,35.592572
PMJMO-X2f-frozen,10,12,15,2026321214,2861.4352676774106,161.4352676774106,200000,35.450119
PMJMO-X2f-frozen,10,12,16,2026321215,2861.4352676774106,161.4352676774106,200000,35.28734
PMJMO-X2f-frozen,10,12,17,2026321216,2864.849257520134,164.84925752013396,200000,35.63631
PMJMO-X2f-frozen,10,12,18,2026321217,2861.4352676774106,161.4352676774106,200000,35.119109
PMJMO-X2f-frozen,10,12,19,2026321218,2864.264926067347,164.264926067347,200000,35.608927
PMJMO-X2f-frozen,10,12,20,2026321219,2865.2126055976614,165.21260559766142,200000,35.416099
PMJMO-X2f-frozen,10,12,21,2026321220,2862.567376357956,162.56737635795616,200000,35.657735
PMJMO-X2f-frozen,10,12,22,2026321221,2864.931007902907,164.9310079029069,200000,35.506042
PMJMO-X2f-frozen,10,12,23,2026321222,2864.9310079029074,164.93100790290737,200000,35.399624
PMJMO-X2f-frozen,10,12,24,2026321223,2863.714849549329,163.71484954932885,200000,35.28524
PMJMO-X2f-frozen,10,12,25,2026321224,2864.9219415680004,164.92194156800042,200000,35.590834
PMJMO-X2f-frozen,10,12,26,2026321225,2862.7001305353288,162.70013053532875,200000,34.802725
PMJMO-X2f-frozen,10,12,27,2026321226,2861.4352676774106,161.4352676774106,200000,35.35022
PMJMO-X2f-frozen,10,12,28,2026321227,2861.4352676774106,161.4352676774106,200000,34.892589
PMJMO-X2f-frozen,10,12,29,2026321228,2864.542482472773,164.54248247277292,200000,35.443181
PMJMO-X2f-frozen,10,12,30,2026321229,2863.49483520288,163.49483520288004,200000,35.299331
PMJMO-X2f-frozen,20,1,1,2026420100,300.00000000000006,0,1000000,180.365789
PMJMO-X2f-frozen,20,1,2,2026420101,300.00000000000006,0,1000000,179.63614
PMJMO-X2f-frozen,20,1,3,2026420102,300.00000000000006,0,1000000,180.445734
PMJMO-X2f-frozen,20,1,4,2026420103,300,0,1000000,181.144337
PMJMO-X2f-frozen,20,1,5,2026420104,300.00000000000006,0,1000000,181.987839
PMJMO-X2f-frozen,20,1,6,2026420105,300.00000000000006,0,1000000,181.25362
PMJMO-X2f-frozen,20,1,7,2026420106,300.00000000000006,0,1000000,182.56097
PMJMO-X2f-frozen,20,1,8,2026420107,300.00000000000006,0,1000000,182.529619
PMJMO-X2f-frozen,20,1,9,2026420108,300.00000000000006,0,1000000,182.251174
PMJMO-X2f-frozen,20,1,10,2026420109,300.00000000000006,0,1000000,181.542931
PMJMO-X2f-frozen,20,1,11,2026420110,300.00000000000006,0,1000000,179.01477
PMJMO-X2f-frozen,20,1,12,2026420111,300.00000000000006,0,1000000,178.492148
PMJMO-X2f-frozen,20,1,13,2026420112,300.00000000000006,0,1000000,156.481706
PMJMO-X2f-frozen,20,1,14,2026420113,300.00000000000006,0,1000000,181.579951
PMJMO-X2f-frozen,20,1,15,2026420114,300.00000000000006,0,1000000,179.717805
PMJMO-X2f-frozen,20,1,16,2026420115,300.00000000000006,0,1000000,182.58988
PMJMO-X2f-frozen,20,1,17,2026420116,300,0,1000000,180.7164
PMJMO-X2f-frozen,20,1,18,2026420117,300.00000000000006,0,1000000,178.709486
PMJMO-X2f-frozen,20,1,19,2026420118,300.00000000000006,0,1000000,180.289703
PMJMO-X2f-frozen,20,1,20,2026420119,300.00000000000006,0,1000000,181.537791
PMJMO-X2f-frozen,20,1,21,2026420120,300,0,1000000,180.508927
PMJMO-X2f-frozen,20,1,22,2026420121,300,0,1000000,180.119085
PMJMO-X2f-frozen,20,1,23,2026420122,300.00000000000006,0,1000000,178.72408
PMJMO-X2f-frozen,20,1,24,2026420123,300.00000000000006,0,1000000,178.637993
PMJMO-X2f-frozen,20,1,25,2026420124,300.00000000000006,0,1000000,179.317101
PMJMO-X2f-frozen,20,1,26,2026420125,300.00000000000006,0,1000000,179.341917
PMJMO-X2f-frozen,20,1,27,2026420126,300.00000000000006,0,1000000,180.765446
PMJMO-X2f-frozen,20,1,28,2026420127,300.00000000000006,0,1000000,180.199234
PMJMO-X2f-frozen,20,1,29,2026420128,300.00000000000006,0,1000000,180.542618
PMJMO-X2f-frozen,20,1,30,2026420129,300,0,1000000,180.750656
PMJMO-X2f-frozen,20,2,1,2026420200,449.08447897948116,49.08447897948116,1000000,98.369565
PMJMO-X2f-frozen,20,2,2,2026420201,449.08447897948116,49.08447897948116,1000000,97.601825
PMJMO-X2f-frozen,20,2,3,2026420202,449.0844789794812,49.08447897948122,1000000,96.576792
PMJMO-X2f-frozen,20,2,4,2026420203,449.08447897948116,49.08447897948116,1000000,95.837414
PMJMO-X2f-frozen,20,2,5,2026420204,449.08447897948116,49.08447897948116,1000000,95.82659
PMJMO-X2f-frozen,20,2,6,2026420205,449.08447897948116,49.08447897948116,1000000,97.224501
PMJMO-X2f-frozen,20,2,7,2026420206,449.0844789794812,49.08447897948122,1000000,97.086058
PMJMO-X2f-frozen,20,2,8,2026420207,449.08447897948116,49.08447897948116,1000000,96.396234
PMJMO-X2f-frozen,20,2,9,2026420208,400.0000000000001,0,1000000,95.988128
PMJMO-X2f-frozen,20,2,10,2026420209,449.08447897948116,49.08447897948116,1000000,96.288909
PMJMO-X2f-frozen,20,2,11,2026420210,449.08447897948116,49.08447897948116,1000000,96.505725
PMJMO-X2f-frozen,20,2,12,2026420211,449.0844789794812,49.08447897948122,1000000,96.161211
PMJMO-X2f-frozen,20,2,13,2026420212,449.08447897948116,49.08447897948116,1000000,96.025174
PMJMO-X2f-frozen,20,2,14,2026420213,449.08447897948116,49.08447897948116,1000000,96.129525
PMJMO-X2f-frozen,20,2,15,2026420214,400,0,1000000,96.041181
PMJMO-X2f-frozen,20,2,16,2026420215,404.0302601581373,4.03026015813731,1000000,95.667413
PMJMO-X2f-frozen,20,2,17,2026420216,449.0844789794812,49.08447897948122,1000000,95.490573
PMJMO-X2f-frozen,20,2,18,2026420217,449.0844789794812,49.08447897948122,1000000,95.598657
PMJMO-X2f-frozen,20,2,19,2026420218,400.00000000000006,0,1000000,95.483361
PMJMO-X2f-frozen,20,2,20,2026420219,400.00000000000006,0,1000000,96.004079
PMJMO-X2f-frozen,20,2,21,2026420220,449.08447897948116,49.08447897948116,1000000,95.739846
PMJMO-X2f-frozen,20,2,22,2026420221,449.08447897948116,49.08447897948116,1000000,95.428533
PMJMO-X2f-frozen,20,2,23,2026420222,449.08447897948116,49.08447897948116,1000000,95.923915
PMJMO-X2f-frozen,20,2,24,2026420223,449.08447897948116,49.08447897948116,1000000,95.518493
PMJMO-X2f-frozen,20,2,25,2026420224,400.00000000000006,0,1000000,95.685461
PMJMO-X2f-frozen,20,2,26,2026420225,400.00000000000006,0,1000000,95.544653
PMJMO-X2f-frozen,20,2,27,2026420226,444.8954693174513,44.89546931745127,1000000,95.66058
PMJMO-X2f-frozen,20,2,28,2026420227,449.0844789794812,49.08447897948122,1000000,96.262454
PMJMO-X2f-frozen,20,2,29,2026420228,449.08447897948116,49.08447897948116,1000000,96.505905
PMJMO-X2f-frozen,20,2,30,2026420229,400.00000000000017,0,1000000,95.414806
PMJMO-X2f-frozen,20,3,1,2026420300,600.0000000000001,0,1000000,155.666334
PMJMO-X2f-frozen,20,3,2,2026420301,600.0000000000001,0,1000000,154.764579
PMJMO-X2f-frozen,20,3,3,2026420302,600.0000825531268,0.00008255312684468663,1000000,174.745356
PMJMO-X2f-frozen,20,3,4,2026420303,600.0000000000001,0,1000000,177.242332
PMJMO-X2f-frozen,20,3,5,2026420304,600.0000000000001,0,1000000,177.155018
PMJMO-X2f-frozen,20,3,6,2026420305,600.0000281123886,0.00002811238857702847,1000000,175.1718
PMJMO-X2f-frozen,20,3,7,2026420306,600.0000127525384,0.000012752538395943702,1000000,174.960129
PMJMO-X2f-frozen,20,3,8,2026420307,600.0006382076792,0.0006382076792306179,1000000,173.803283
PMJMO-X2f-frozen,20,3,9,2026420308,600.0000149354556,0.000014935455624254246,1000000,174.392491
PMJMO-X2f-frozen,20,3,10,2026420309,600.0000000000001,0,1000000,176.170912
PMJMO-X2f-frozen,20,3,11,2026420310,600.0000000000001,0,1000000,176.552517
PMJMO-X2f-frozen,20,3,12,2026420311,600.0000000000001,0,1000000,176.104322
PMJMO-X2f-frozen,20,3,13,2026420312,600.0000000000001,0,1000000,153.148127
PMJMO-X2f-frozen,20,3,14,2026420313,600.0000012754846,0.00000127548457840021,1000000,173.183032
PMJMO-X2f-frozen,20,3,15,2026420314,600.0000000000001,0,1000000,176.017152
PMJMO-X2f-frozen,20,3,16,2026420315,600,0,1000000,152.782935
PMJMO-X2f-frozen,20,3,17,2026420316,600.0000025428465,0.000002542846459618886,1000000,173.657285
PMJMO-X2f-frozen,20,3,18,2026420317,600.0000059616741,0.0000059616741054924205,1000000,175.983413
PMJMO-X2f-frozen,20,3,19,2026420318,600.0000000000001,0,1000000,176.699677
PMJMO-X2f-frozen,20,3,20,2026420319,600.0000000000001,0,1000000,176.257118
PMJMO-X2f-frozen,20,3,21,2026420320,600.0000046625933,0.0000046625932554889005,1000000,172.57323
PMJMO-X2f-frozen,20,3,22,2026420321,600.0000003188862,3.1888623652776005e-7,1000000,172.956244
PMJMO-X2f-frozen,20,3,23,2026420322,600.0000039061274,0.00000390612740375218,1000000,174.510714
PMJMO-X2f-frozen,20,3,24,2026420323,600.0000003188862,3.1888623652776005e-7,1000000,172.54546
PMJMO-X2f-frozen,20,3,25,2026420324,600.0000003188862,3.1888623652776005e-7,1000000,172.210335
PMJMO-X2f-frozen,20,3,26,2026420325,600.0000000000001,0,1000000,176.35733
PMJMO-X2f-frozen,20,3,27,2026420326,600.0000000000001,0,1000000,176.401839
PMJMO-X2f-frozen,20,3,28,2026420327,600.0000000000001,0,1000000,154.090984
PMJMO-X2f-frozen,20,3,29,2026420328,600.0000003188862,3.1888623652776005e-7,1000000,171.961445
PMJMO-X2f-frozen,20,3,30,2026420329,600.0000007174827,7.174827487688162e-7,1000000,173.064293
PMJMO-X2f-frozen,20,4,1,2026420400,810.9445445902072,10.944544590207215,1000000,151.921939
PMJMO-X2f-frozen,20,4,2,2026420401,813.9294217614871,13.929421761487106,1000000,153.052528
PMJMO-X2f-frozen,20,4,3,2026420402,814.9243819176074,14.924381917607434,1000000,150.909365
PMJMO-X2f-frozen,20,4,4,2026420403,810.9445496280264,10.94454962802638,1000000,152.270758
PMJMO-X2f-frozen,20,4,5,2026420404,814.924386042757,14.924386042756964,1000000,149.522727
PMJMO-X2f-frozen,20,4,6,2026420405,816.9143187682628,16.914318768262774,1000000,149.369005
PMJMO-X2f-frozen,20,4,7,2026420406,814.924390024112,14.924390024111972,1000000,149.575475
PMJMO-X2f-frozen,20,4,8,2026420407,816.9142938949478,16.914293894947832,1000000,150.014544
PMJMO-X2f-frozen,20,4,9,2026420408,819.8991710675713,19.899171067571274,1000000,150.330544
PMJMO-X2f-frozen,20,4,10,2026420409,811.9395071311534,11.939507131153391,1000000,150.32526
PMJMO-X2f-frozen,20,4,11,2026420410,810.9445445902074,10.944544590207443,1000000,151.013544
PMJMO-X2f-frozen,20,4,12,2026420411,807.9596771159869,7.959677115986892,1000000,150.795
PMJMO-X2f-frozen,20,4,13,2026420412,811.9395086851196,11.939508685119563,1000000,151.436862
PMJMO-X2f-frozen,20,4,14,2026420413,815.9193348378545,15.919334837854535,1000000,151.215137
PMJMO-X2f-frozen,20,4,15,2026420414,811.9395036473006,11.939503647300626,1000000,157.655938
PMJMO-X2f-frozen,20,4,16,2026420415,815.9193386111511,15.919338611151147,1000000,149.618251
PMJMO-X2f-frozen,20,4,17,2026420416,811.9395174910675,11.939517491067477,1000000,150.55313
PMJMO-X2f-frozen,20,4,18,2026420417,810.944561925639,10.94456192563905,1000000,149.317505
PMJMO-X2f-frozen,20,4,19,2026420418,812.9344848010861,12.934484801086114,1000000,149.448946
PMJMO-X2f-frozen,20,4,20,2026420419,814.9243893138831,14.924389313883125,1000000,150.281902
PMJMO-X2f-frozen,20,4,21,2026420420,817.9092529520412,17.909252952041243,1000000,153.631713
PMJMO-X2f-frozen,20,4,22,2026420421,812.9344677422132,12.9344677422132,1000000,150.931798
PMJMO-X2f-frozen,20,4,23,2026420422,807.9596724567464,7.959672456746375,1000000,156.37842
PMJMO-X2f-frozen,20,4,24,2026420423,822.8840575063927,22.88405750639265,1000000,150.331639
PMJMO-X2f-frozen,20,4,25,2026420424,818.9042384226263,18.90423842262635,1000000,150.46334
PMJMO-X2f-frozen,20,4,26,2026420425,819.899171066228,19.89917106622795,1000000,151.059631
PMJMO-X2f-frozen,20,4,27,2026420426,818.9042176266241,18.90421762662413,1000000,150.287294
PMJMO-X2f-frozen,20,4,28,2026420427,810.944556217949,10.944556217948957,1000000,149.380002
PMJMO-X2f-frozen,20,4,29,2026420428,811.9395131923752,11.939513192375216,1000000,149.914494
PMJMO-X2f-frozen,20,4,30,2026420429,817.909258632695,17.909258632695014,1000000,149.923418
PMJMO-X2f-frozen,20,5,1,2026420500,900.9086480371816,0.9086480371815924,1000000,182.110717
PMJMO-X2f-frozen,20,5,2,2026420501,900.0000000000001,0,1000000,157.592733
PMJMO-X2f-frozen,20,5,3,2026420502,902.0614161335914,2.061416133591365,1000000,181.069454
PMJMO-X2f-frozen,20,5,4,2026420503,900.5438522690073,0.5438522690072887,1000000,181.533918
PMJMO-X2f-frozen,20,5,5,2026420504,900.4543240185908,0.4543240185907962,1000000,181.739177
PMJMO-X2f-frozen,20,5,6,2026420505,900.7229087698402,0.72290876984016,1000000,181.635244
PMJMO-X2f-frozen,20,5,7,2026420506,900.7229087698402,0.72290876984016,1000000,180.761038
PMJMO-X2f-frozen,20,5,8,2026420507,900.9981762875981,0.9981762875980849,1000000,181.420861
PMJMO-X2f-frozen,20,5,9,2026420508,900.5438522690073,0.5438522690072887,1000000,181.82482
PMJMO-X2f-frozen,20,5,10,2026420509,900.2685847512494,0.26858475124936376,1000000,180.986671
PMJMO-X2f-frozen,20,5,11,2026420510,902.1820706866238,2.1820706866237742,1000000,181.362773
PMJMO-X2f-frozen,20,5,12,2026420511,900.0895282504165,0.08952825041649248,1000000,181.026777
PMJMO-X2f-frozen,20,5,13,2026420512,900.4543240185909,0.4543240185909099,1000000,180.905517
PMJMO-X2f-frozen,20,5,14,2026420513,902.9969680882232,2.996968088223184,1000000,181.448165
PMJMO-X2f-frozen,20,5,15,2026420514,900.0000000000001,0,1000000,181.920215
PMJMO-X2f-frozen,20,5,16,2026420515,901.4525003061889,1.452500306188881,1000000,181.465745
PMJMO-X2f-frozen,20,5,17,2026420516,900.4543240185909,0.4543240185909099,1000000,181.680469
PMJMO-X2f-frozen,20,5,18,2026420517,901.906803168866,1.906803168865963,1000000,157.370898
PMJMO-X2f-frozen,20,5,19,2026420518,900.4543240185908,0.4543240185907962,1000000,182.080482
PMJMO-X2f-frozen,20,5,20,2026420519,900.1790565008329,0.17905650083287128,1000000,158.004543
PMJMO-X2f-frozen,20,5,21,2026420520,900.4543240185908,0.4543240185907962,1000000,181.922929
PMJMO-X2f-frozen,20,5,22,2026420521,900.0895282504165,0.08952825041649248,1000000,181.415386
PMJMO-X2f-frozen,20,5,23,2026420522,927.2870279970883,27.28702799708833,1000000,181.505375
PMJMO-X2f-frozen,20,5,24,2026420523,901.0877045380145,1.0877045380144637,1000000,181.951872
PMJMO-X2f-frozen,20,5,25,2026420524,900.0895282504165,0.08952825041649248,1000000,182.139984
PMJMO-X2f-frozen,20,5,26,2026420525,900.0895282504165,0.08952825041649248,1000000,182.126009
PMJMO-X2f-frozen,20,5,27,2026420526,900.1790565008329,0.17905650083287128,1000000,181.876422
PMJMO-X2f-frozen,20,5,28,2026420527,900.5438522690073,0.5438522690072887,1000000,182.059424
PMJMO-X2f-frozen,20,5,29,2026420528,900,0,1000000,182.138838
PMJMO-X2f-frozen,20,5,30,2026420529,900.5438522690073,0.5438522690072887,1000000,181.908639
PMJMO-X2f-frozen,20,6,1,2026420600,1910.6272708895958,110.62727088959582,1000000,57.354327
PMJMO-X2f-frozen,20,6,2,2026420601,1870.1050771148339,70.10507711483388,1000000,57.909471
PMJMO-X2f-frozen,20,6,3,2026420602,1804.3247238898302,4.3247238898302385,1000000,57.450338
PMJMO-X2f-frozen,20,6,4,2026420603,1855.842266887082,55.842266887081905,1000000,57.055817
PMJMO-X2f-frozen,20,6,5,2026420604,1824.971236858583,24.971236858583097,1000000,57.438563
PMJMO-X2f-frozen,20,6,6,2026420605,1874.626551493575,74.6265514935751,1000000,55.998361
PMJMO-X2f-frozen,20,6,7,2026420606,1874.6572494640996,74.65724946409955,1000000,57.158951
PMJMO-X2f-frozen,20,6,8,2026420607,2007.3662676080453,207.3662676080453,1000000,57.390223
PMJMO-X2f-frozen,20,6,9,2026420608,1885.9792730423646,85.97927304236464,1000000,58.146796
PMJMO-X2f-frozen,20,6,10,2026420609,1858.583000746622,58.58300074662202,1000000,56.441203
PMJMO-X2f-frozen,20,6,11,2026420610,1904.1465143223236,104.14651432232358,1000000,55.320717
PMJMO-X2f-frozen,20,6,12,2026420611,1931.0031973234381,131.00319732343814,1000000,54.683033
PMJMO-X2f-frozen,20,6,13,2026420612,1827.3076977217438,27.307697721743807,1000000,53.8224
PMJMO-X2f-frozen,20,6,14,2026420613,1857.744326404954,57.74432640495411,1000000,54.984845
PMJMO-X2f-frozen,20,6,15,2026420614,1829.3379447655018,29.33794476550179,1000000,54.316892
PMJMO-X2f-frozen,20,6,16,2026420615,1813.389983587252,13.38998358725189,1000000,55.614596
PMJMO-X2f-frozen,20,6,17,2026420616,1907.0828404763427,107.08284047634265,1000000,56.077711
PMJMO-X2f-frozen,20,6,18,2026420617,1865.5668944005708,65.56689440057085,1000000,55.121712
PMJMO-X2f-frozen,20,6,19,2026420618,1879.9296662596607,79.92966625966073,1000000,56.672719
PMJMO-X2f-frozen,20,6,20,2026420619,1936.269352824834,136.26935282483396,1000000,57.078486
PMJMO-X2f-frozen,20,6,21,2026420620,1818.3263447842194,18.326344784219373,1000000,57.337823
PMJMO-X2f-frozen,20,6,22,2026420621,1925.5460601495777,125.54606014957767,1000000,56.996968
PMJMO-X2f-frozen,20,6,23,2026420622,1875.1835518526634,75.18355185266341,1000000,57.298724
PMJMO-X2f-frozen,20,6,24,2026420623,1855.5033835229942,55.50338352299423,1000000,57.537652
PMJMO-X2f-frozen,20,6,25,2026420624,1819.0621550779588,19.062155077958778,1000000,57.256132
PMJMO-X2f-frozen,20,6,26,2026420625,1914.693676992501,114.69367699250097,1000000,57.714592
PMJMO-X2f-frozen,20,6,27,2026420626,1811.364386555253,11.364386555253077,1000000,57.287385
PMJMO-X2f-frozen,20,6,28,2026420627,1839.113700795361,39.113700795360955,1000000,57.489294
PMJMO-X2f-frozen,20,6,29,2026420628,1810.4394372169118,10.439437216911756,1000000,54.593978
PMJMO-X2f-frozen,20,6,30,2026420629,1822.704887095837,22.704887095836966,1000000,54.488738
PMJMO-X2f-frozen,20,7,1,2026420700,2021.6130363818581,21.613036381858137,1000000,162.914827
PMJMO-X2f-frozen,20,7,2,2026420701,2025.2906384601065,25.290638460106493,1000000,162.054243
PMJMO-X2f-frozen,20,7,3,2026420702,2002.9848962033388,2.984896203338849,1000000,171.567419
PMJMO-X2f-frozen,20,7,4,2026420703,2005.286982977593,5.28698297759297,1000000,170.487433
PMJMO-X2f-frozen,20,7,5,2026420704,2004.3084806130194,4.308480613019356,1000000,176.1998
PMJMO-X2f-frozen,20,7,6,2026420705,2021.6193188887748,21.619318888774842,1000000,167.619332
PMJMO-X2f-frozen,20,7,7,2026420706,2021.9899075931899,21.989907593189855,1000000,174.682019
PMJMO-X2f-frozen,20,7,8,2026420707,2002.6147320928228,2.6147320928228055,1000000,170.873594
PMJMO-X2f-frozen,20,7,9,2026420708,2002.6148439723704,2.6148439723704087,1000000,174.218499
PMJMO-X2f-frozen,20,7,10,2026420709,2020.6245842960466,20.624584296046578,1000000,162.9982
PMJMO-X2f-frozen,20,7,11,2026420710,2024.2919390926434,24.29193909264336,1000000,164.427283
PMJMO-X2f-frozen,20,7,12,2026420711,2020.000336529012,20.000336529011975,1000000,167.553578
PMJMO-X2f-frozen,20,7,13,2026420712,2019.9999795730475,19.99997957304754,1000000,167.291834
PMJMO-X2f-frozen,20,7,14,2026420713,2014.5559605992137,14.555960599213677,1000000,175.000973
PMJMO-X2f-frozen,20,7,15,2026420714,2019.848529887394,19.84852988739408,1000000,166.092825
PMJMO-X2f-frozen,20,7,16,2026420715,2009.7634980450198,9.763498045019787,1000000,176.774837
PMJMO-X2f-frozen,20,7,17,2026420716,2033.8951945188423,33.895194518842345,1000000,176.045781
PMJMO-X2f-frozen,20,7,18,2026420717,2021.3070727512613,21.30707275126133,1000000,168.212149
PMJMO-X2f-frozen,20,7,19,2026420718,2019.9999975331045,19.999997533104533,1000000,162.891205
PMJMO-X2f-frozen,20,7,20,2026420719,2005.290529726542,5.29052972654199,1000000,175.584464
PMJMO-X2f-frozen,20,7,21,2026420720,2003.2971970821611,3.2971970821611194,1000000,176.421329
PMJMO-X2f-frozen,20,7,22,2026420721,2020.3124059739548,20.31240597395481,1000000,164.147215
PMJMO-X2f-frozen,20,7,23,2026420722,2006.2819361775983,6.281936177598254,1000000,172.801492
PMJMO-X2f-frozen,20,7,24,2026420723,2020.9257504979578,20.92575049795778,1000000,162.027066
PMJMO-X2f-frozen,20,7,25,2026420724,2001.3071665147452,1.3071665147451768,1000000,166.694636
PMJMO-X2f-frozen,20,7,26,2026420725,2004.9748038878604,4.974803887860389,1000000,175.314509
PMJMO-X2f-frozen,20,7,27,2026420726,2020.3122913668626,20.31229136686261,1000000,171.296397
PMJMO-X2f-frozen,20,7,28,2026420727,2002.3078010874453,2.307801087445341,1000000,174.118569
PMJMO-X2f-frozen,20,7,29,2026420728,2005.9697628597073,5.969762859707316,1000000,177.895087
PMJMO-X2f-frozen,20,7,30,2026420729,2006.5958819750422,6.595881975042175,1000000,174.240856
PMJMO-X2f-frozen,20,8,1,2026420800,2220.369038890472,20.369038890471984,1000000,161.235771
PMJMO-X2f-frozen,20,8,2,2026420801,2220.6815060451313,20.6815060451313,1000000,160.668649
PMJMO-X2f-frozen,20,8,3,2026420802,2220.49174159761,20.491741597610144,1000000,161.86163
PMJMO-X2f-frozen,20,8,4,2026420803,2220.2780427117123,20.27804271171226,1000000,159.752539
PMJMO-X2f-frozen,20,8,5,2026420804,2220.490738675115,20.490738675115153,1000000,163.648351
PMJMO-X2f-frozen,20,8,6,2026420805,2221.0062653601217,21.006265360121688,1000000,170.958927
PMJMO-X2f-frozen,20,8,7,2026420806,2220.325290997981,20.32529099798103,1000000,159.379883
PMJMO-X2f-frozen,20,8,8,2026420807,2220.140105917476,20.14010591747592,1000000,161.388345
PMJMO-X2f-frozen,20,8,9,2026420808,2220.1984974827897,20.198497482789662,1000000,157.365178
PMJMO-X2f-frozen,20,8,10,2026420809,2220.4857843331197,20.485784333119682,1000000,161.593227
PMJMO-X2f-frozen,20,8,11,2026420810,2220.3916869930417,20.39168699304173,1000000,160.452585
PMJMO-X2f-frozen,20,8,12,2026420811,2220.467568473243,20.467568473242864,1000000,158.155615
PMJMO-X2f-frozen,20,8,13,2026420812,2220.318186470764,20.318186470763976,1000000,161.088119
PMJMO-X2f-frozen,20,8,14,2026420813,2220.355574709711,20.355574709711163,1000000,159.417551
PMJMO-X2f-frozen,20,8,15,2026420814,2220.8570412929603,20.857041292960275,1000000,166.335677
PMJMO-X2f-frozen,20,8,16,2026420815,2220.3982900520023,20.398290052002267,1000000,162.62726
PMJMO-X2f-frozen,20,8,17,2026420816,2220.80452972339,20.804529723389805,1000000,162.209946
PMJMO-X2f-frozen,20,8,18,2026420817,2220.340992453196,20.340992453196122,1000000,164.770803
PMJMO-X2f-frozen,20,8,19,2026420818,2220.32381523155,20.323815231549816,1000000,163.559397
PMJMO-X2f-frozen,20,8,20,2026420819,2220.7633789630213,20.763378963021296,1000000,179.79657
PMJMO-X2f-frozen,20,8,21,2026420820,2220.3723816318743,20.372381631874305,1000000,161.919334
PMJMO-X2f-frozen,20,8,22,2026420821,2220.380921817946,20.38092181794582,1000000,159.172242
PMJMO-X2f-frozen,20,8,23,2026420822,2220.5911141840115,20.59111418401153,1000000,162.71882
PMJMO-X2f-frozen,20,8,24,2026420823,2220.1373313108493,20.137331310849277,1000000,164.343417
PMJMO-X2f-frozen,20,8,25,2026420824,2220.530063081344,20.530063081343997,1000000,159.423715
PMJMO-X2f-frozen,20,8,26,2026420825,2220.985489671874,20.985489671873893,1000000,172.337536
PMJMO-X2f-frozen,20,8,27,2026420826,2220.352054859429,20.35205485942879,1000000,160.192236
PMJMO-X2f-frozen,20,8,28,2026420827,2220.520299304509,20.52029930450908,1000000,158.327541
PMJMO-X2f-frozen,20,8,29,2026420828,2220.539076908741,20.539076908741208,1000000,159.091083
PMJMO-X2f-frozen,20,8,30,2026420829,2220.4384815962862,20.438481596286238,1000000,160.098898
PMJMO-X2f-frozen,20,9,1,2026420900,2480.7812716777466,180.78127167774664,1000000,100.97878
PMJMO-X2f-frozen,20,9,2,2026420901,2480.7812716777466,180.78127167774664,1000000,100.459406
PMJMO-X2f-frozen,20,9,3,2026420902,2480.7812716777466,180.78127167774664,1000000,100.675494
PMJMO-X2f-frozen,20,9,4,2026420903,2480.781271677747,180.7812716777471,1000000,100.588446
PMJMO-X2f-frozen,20,9,5,2026420904,2480.7812716777466,180.78127167774664,1000000,98.503391
PMJMO-X2f-frozen,20,9,6,2026420905,2480.7812716777466,180.78127167774664,1000000,98.808879
PMJMO-X2f-frozen,20,9,7,2026420906,2480.7812716777466,180.78127167774664,1000000,99.534066
PMJMO-X2f-frozen,20,9,8,2026420907,2480.781271677747,180.7812716777471,1000000,99.440825
PMJMO-X2f-frozen,20,9,9,2026420908,2480.7812716777466,180.78127167774664,1000000,100.60597
PMJMO-X2f-frozen,20,9,10,2026420909,2480.781271677747,180.7812716777471,1000000,98.906922
PMJMO-X2f-frozen,20,9,11,2026420910,2480.7812716777466,180.78127167774664,1000000,98.851339
PMJMO-X2f-frozen,20,9,12,2026420911,2480.781271677747,180.7812716777471,1000000,98.709506
PMJMO-X2f-frozen,20,9,13,2026420912,2480.7812716777466,180.78127167774664,1000000,99.376571
PMJMO-X2f-frozen,20,9,14,2026420913,2480.781271677747,180.7812716777471,1000000,99.331658
PMJMO-X2f-frozen,20,9,15,2026420914,2480.7812716777466,180.78127167774664,1000000,99.106899
PMJMO-X2f-frozen,20,9,16,2026420915,2480.7812716777466,180.78127167774664,1000000,99.590532
PMJMO-X2f-frozen,20,9,17,2026420916,2480.7812716777466,180.78127167774664,1000000,98.979297
PMJMO-X2f-frozen,20,9,18,2026420917,2480.7812716777466,180.78127167774664,1000000,99.465206
PMJMO-X2f-frozen,20,9,19,2026420918,2480.7812716777466,180.78127167774664,1000000,99.769946
PMJMO-X2f-frozen,20,9,20,2026420919,2480.781271677747,180.7812716777471,1000000,99.933301
PMJMO-X2f-frozen,20,9,21,2026420920,2480.781271677747,180.7812716777471,1000000,98.599321
PMJMO-X2f-frozen,20,9,22,2026420921,2480.7812716777466,180.78127167774664,1000000,97.912343
PMJMO-X2f-frozen,20,9,23,2026420922,2480.7812716777466,180.78127167774664,1000000,99.158789
PMJMO-X2f-frozen,20,9,24,2026420923,2480.781271677747,180.7812716777471,1000000,99.611275
PMJMO-X2f-frozen,20,9,25,2026420924,2480.7812716777466,180.78127167774664,1000000,99.147637
PMJMO-X2f-frozen,20,9,26,2026420925,2480.7812716777466,180.78127167774664,1000000,99.76994
PMJMO-X2f-frozen,20,9,27,2026420926,2480.781271677747,180.7812716777471,1000000,98.363251
PMJMO-X2f-frozen,20,9,28,2026420927,2480.7812716777466,180.78127167774664,1000000,98.687087
PMJMO-X2f-frozen,20,9,29,2026420928,2480.781271677747,180.7812716777471,1000000,99.307215
PMJMO-X2f-frozen,20,9,30,2026420929,2480.7812716777466,180.78127167774664,1000000,99.31637
PMJMO-X2f-frozen,20,10,1,2026421000,2500.3590871328997,100.35908713289973,1000000,50.870645
PMJMO-X2f-frozen,20,10,2,2026421001,2622.730255508264,222.73025550826378,1000000,50.956396
PMJMO-X2f-frozen,20,10,3,2026421002,2400.0624618558177,0.062461855817673495,1000000,50.300358
PMJMO-X2f-frozen,20,10,4,2026421003,2500.3530548734693,100.35305487346932,1000000,52.196485
PMJMO-X2f-frozen,20,10,5,2026421004,2500.3855095372787,100.38550953727872,1000000,53.028529
PMJMO-X2f-frozen,20,10,6,2026421005,2500.3854895777963,100.3854895777963,1000000,53.448718
PMJMO-X2f-frozen,20,10,7,2026421006,2500.3916508496395,100.39165084963952,1000000,52.49847
PMJMO-X2f-frozen,20,10,8,2026421007,2518.4695796876917,118.46957968769175,1000000,57.497634
PMJMO-X2f-frozen,20,10,9,2026421008,2500.357752458653,100.35775245865307,1000000,54.279968
PMJMO-X2f-frozen,20,10,10,2026421009,2500.299341913793,100.29934191379289,1000000,51.647588
PMJMO-X2f-frozen,20,10,11,2026421010,2500.360926432386,100.3609264323859,1000000,53.014532
PMJMO-X2f-frozen,20,10,12,2026421011,2500.3448815150573,100.3448815150573,1000000,52.571108
PMJMO-X2f-frozen,20,10,13,2026421012,2624.0589802885756,224.05898028857564,1000000,50.496721
PMJMO-X2f-frozen,20,10,14,2026421013,2500.484671769473,100.48467176947315,1000000,52.41161
PMJMO-X2f-frozen,20,10,15,2026421014,2624.260311287098,224.26031128709792,1000000,50.798687
PMJMO-X2f-frozen,20,10,16,2026421015,2400.062465285461,0.06246528546080299,1000000,57.686977
PMJMO-X2f-frozen,20,10,17,2026421016,2500.48912780303,100.48912780302999,1000000,52.182753
PMJMO-X2f-frozen,20,10,18,2026421017,2500.3710379356007,100.37103793560073,1000000,50.857105
PMJMO-X2f-frozen,20,10,19,2026421018,2500.4324490664812,100.43244906648124,1000000,51.71077
PMJMO-X2f-frozen,20,10,20,2026421019,2403.6654783628546,3.6654783628546284,1000000,49.738888
PMJMO-X2f-frozen,20,10,21,2026421020,2500.2567641487685,100.25676414876853,1000000,50.766371
PMJMO-X2f-frozen,20,10,22,2026421021,2621.644515186194,221.64451518619398,1000000,50.303945
PMJMO-X2f-frozen,20,10,23,2026421022,2400.0624621627917,0.06246216279168948,1000000,58.396577
PMJMO-X2f-frozen,20,10,24,2026421023,2500.4685306067136,100.46853060671356,1000000,50.568423
PMJMO-X2f-frozen,20,10,25,2026421024,2500.514993867597,100.51499386759679,1000000,50.740488
PMJMO-X2f-frozen,20,10,26,2026421025,2500.3194185977895,100.31941859778954,1000000,51.024104
PMJMO-X2f-frozen,20,10,27,2026421026,2500.3025029100054,100.30250291000539,1000000,51.117741
PMJMO-X2f-frozen,20,10,28,2026421027,2400,0,1000000,53.284858
PMJMO-X2f-frozen,20,10,29,2026421028,2500.3958159049234,100.39581590492344,1000000,50.767505
PMJMO-X2f-frozen,20,10,30,2026421029,2628.3744783265756,228.37447832657563,1000000,49.974509
PMJMO-X2f-frozen,20,11,1,2026421100,3000.0000000000005,400.00000000000045,1000000,182.966295
PMJMO-X2f-frozen,20,11,2,2026421101,2900.0000000000005,300.00000000000045,1000000,178.685953
PMJMO-X2f-frozen,20,11,3,2026421102,2900.0000000000005,300.00000000000045,1000000,168.573327
PMJMO-X2f-frozen,20,11,4,2026421103,3000.0000000000005,400.00000000000045,1000000,180.468728
PMJMO-X2f-frozen,20,11,5,2026421104,2900.000000000001,300.0000000000009,1000000,156.921161
PMJMO-X2f-frozen,20,11,6,2026421105,2900.0000000000005,300.00000000000045,1000000,174.984308
PMJMO-X2f-frozen,20,11,7,2026421106,3000.0000000000005,400.00000000000045,1000000,180.820994
PMJMO-X2f-frozen,20,11,8,2026421107,2900.000000000001,300.0000000000009,1000000,180.040997
PMJMO-X2f-frozen,20,11,9,2026421108,2900.000000000001,300.0000000000009,1000000,179.563656
PMJMO-X2f-frozen,20,11,10,2026421109,2900.000000000001,300.0000000000009,1000000,179.795651
PMJMO-X2f-frozen,20,11,11,2026421110,2900.000000000001,300.0000000000009,1000000,179.88804
PMJMO-X2f-frozen,20,11,12,2026421111,2900.000000000001,300.0000000000009,1000000,180.265451
PMJMO-X2f-frozen,20,11,13,2026421112,2900.0000000000005,300.00000000000045,1000000,179.797568
PMJMO-X2f-frozen,20,11,14,2026421113,2900.000000000001,300.0000000000009,1000000,157.104497
PMJMO-X2f-frozen,20,11,15,2026421114,3000.0000000000005,400.00000000000045,1000000,181.084748
PMJMO-X2f-frozen,20,11,16,2026421115,2900.0000000000005,300.00000000000045,1000000,181.09779
PMJMO-X2f-frozen,20,11,17,2026421116,2900.0000000000005,300.00000000000045,1000000,179.703565
PMJMO-X2f-frozen,20,11,18,2026421117,2900.0000000000005,300.00000000000045,1000000,158.269827
PMJMO-X2f-frozen,20,11,19,2026421118,2900.0000000000005,300.00000000000045,1000000,167.621912
PMJMO-X2f-frozen,20,11,20,2026421119,3000.0000000000005,400.00000000000045,1000000,156.755288
PMJMO-X2f-frozen,20,11,21,2026421120,2900.000000000001,300.0000000000009,1000000,156.528469
PMJMO-X2f-frozen,20,11,22,2026421121,3000.0000000000005,400.00000000000045,1000000,180.369202
PMJMO-X2f-frozen,20,11,23,2026421122,2900.000000000001,300.0000000000009,1000000,157.031906
PMJMO-X2f-frozen,20,11,24,2026421123,2900.000000000001,300.0000000000009,1000000,180.159352
PMJMO-X2f-frozen,20,11,25,2026421124,2900.000000000001,300.0000000000009,1000000,156.190107
PMJMO-X2f-frozen,20,11,26,2026421125,2900.0000000000005,300.00000000000045,1000000,180.543813
PMJMO-X2f-frozen,20,11,27,2026421126,2900.0000000000005,300.00000000000045,1000000,179.630709
PMJMO-X2f-frozen,20,11,28,2026421127,2900.000000000001,300.0000000000009,1000000,179.817551
PMJMO-X2f-frozen,20,11,29,2026421128,3000.0000000000005,400.00000000000045,1000000,180.103374
PMJMO-X2f-frozen,20,11,30,2026421129,2900.0000000000005,300.00000000000045,1000000,179.879407
PMJMO-X2f-frozen,20,12,1,2026421200,2940.044050764473,240.044050764473,1000000,184.62579
PMJMO-X2f-frozen,20,12,2,2026421201,2953.754456210794,253.75445621079416,1000000,182.863671
PMJMO-X2f-frozen,20,12,3,2026421202,2940.564039480164,240.56403948016396,1000000,183.591988
PMJMO-X2f-frozen,20,12,4,2026421203,2933.4783632984277,233.47836329842767,1000000,181.593476
PMJMO-X2f-frozen,20,12,5,2026421204,2941.7901903095367,241.79019030953668,1000000,184.25756
PMJMO-X2f-frozen,20,12,6,2026421205,2939.5701565920663,239.57015659206627,1000000,185.116886
PMJMO-X2f-frozen,20,12,7,2026421206,2939.335644523185,239.33564452318478,1000000,183.419686
PMJMO-X2f-frozen,20,12,8,2026421207,2941.2846691670443,241.28466916704429,1000000,183.477396
PMJMO-X2f-frozen,20,12,9,2026421208,2942.057731452842,242.05773145284184,1000000,184.236789
PMJMO-X2f-frozen,20,12,10,2026421209,2933.9000051399435,233.90000513994346,1000000,182.66424
PMJMO-X2f-frozen,20,12,11,2026421210,2935.7197163753463,235.71971637534625,1000000,182.84516
PMJMO-X2f-frozen,20,12,12,2026421211,2933.3507187144596,233.35071871445962,1000000,182.709644
PMJMO-X2f-frozen,20,12,13,2026421212,2938.447399835817,238.44739983581712,1000000,182.854318
PMJMO-X2f-frozen,20,12,14,2026421213,2964.354132410197,264.35413241019705,1000000,182.773834
PMJMO-X2f-frozen,20,12,15,2026421214,2947.0134914725368,247.01349147253677,1000000,180.717271
PMJMO-X2f-frozen,20,12,16,2026421215,2940.6845097684636,240.6845097684636,1000000,183.005781
PMJMO-X2f-frozen,20,12,17,2026421216,2946.5715260232155,246.57152602321548,1000000,183.358891
PMJMO-X2f-frozen,20,12,18,2026421217,2932.920176853107,232.92017685310702,1000000,183.015971
PMJMO-X2f-frozen,20,12,19,2026421218,2948.2530866916813,248.25308669168135,1000000,182.811461
PMJMO-X2f-frozen,20,12,20,2026421219,2941.3875354068305,241.38753540683047,1000000,183.672078
PMJMO-X2f-frozen,20,12,21,2026421220,2944.734354077137,244.73435407713714,1000000,182.448941
PMJMO-X2f-frozen,20,12,22,2026421221,2947.9513448224952,247.95134482249523,1000000,182.699319
PMJMO-X2f-frozen,20,12,23,2026421222,2936.40754031588,236.40754031587994,1000000,180.993767
PMJMO-X2f-frozen,20,12,24,2026421223,2934.049530022358,234.04953002235789,1000000,159.810875
PMJMO-X2f-frozen,20,12,25,2026421224,2942.838039950551,242.83803995055086,1000000,183.351906
PMJMO-X2f-frozen,20,12,26,2026421225,2937.2976073555865,237.29760735558648,1000000,183.083027
PMJMO-X2f-frozen,20,12,27,2026421226,2944.2189686732772,244.21896867327723,1000000,183.660632
PMJMO-X2f-frozen,20,12,28,2026421227,2957.2990985449446,257.2990985449446,1000000,159.589275
PMJMO-X2f-frozen,20,12,29,2026421228,2937.924627688533,237.92462768853284,1000000,182.624037
PMJMO-X2f-frozen,20,12,30,2026421229,2952.007168553304,252.00716855330393,1000000,183.089748
