algorithm,dimension,function,run,seed,error
L-SHADE-1.0.1,10,1,1,2026320100,0
L-SHADE-1.0.1,10,1,2,2026320101,0
L-SHADE-1.0.1,10,1,3,2026320102,0
L-SHADE-1.0.1,10,1,4,2026320103,0
L-SHADE-1.0.1,10,1,5,2026320104,0
L-SHADE-1.0.1,10,1,6,2026320105,0
L-SHADE-1.0.1,10,1,7,2026320106,0
L-SHADE-1.0.1,10,1,8,2026320107,0
L-SHADE-1.0.1,10,1,9,2026320108,0
L-SHADE-1.0.1,10,1,10,2026320109,0
L-SHADE-1.0.1,10,1,11,2026320110,0
L-SHADE-1.0.1,10,1,12,2026320111,0
L-SHADE-1.0.1,10,1,13,2026320112,0
L-SHADE-1.0.1,10,1,14,2026320113,0
L-SHADE-1.0.1,10,1,15,2026320114,0
L-SHADE-1.0.1,10,1,16,2026320115,0
L-SHADE-1.0.1,10,1,17,2026320116,0
L-SHADE-1.0.1,10,1,18,2026320117,0
L-SHADE-1.0.1,10,1,19,2026320118,0
L-SHADE-1.0.1,10,1,20,2026320119,0
L-SHADE-1.0.1,10,1,21,2026320120,0
L-SHADE-1.0.1,10,1,22,2026320121,0
L-SHADE-1.0.1,10,1,23,2026320122,0
L-SHADE-1.0.1,10,1,24,2026320123,0
L-SHADE-1.0.1,10,1,25,2026320124,0
L-SHADE-1.0.1,10,1,26,2026320125,0
L-SHADE-1.0.1,10,1,27,2026320126,0
L-SHADE-1.0.1,10,1,28,2026320127,0
L-SHADE-1.0.1,10,1,29,2026320128,0
L-SHADE-1.0.1,10,1,30,2026320129,0
L-SHADE-1.0.1,10,2,1,2026320200,3.986579112347158
L-SHADE-1.0.1,10,2,2,2026320201,3.986579112347158
L-SHADE-1.0.1,10,2,3,2026320202,3.986579112347158
L-SHADE-1.0.1,10,2,4,2026320203,3.986579112347158
L-SHADE-1.0.1,10,2,5,2026320204,3.986579112347158
L-SHADE-1.0.1,10,2,6,2026320205,3.986579112347158
L-SHADE-1.0.1,10,2,7,2026320206,3.986579112347158
L-SHADE-1.0.1,10,2,8,2026320207,3.986579112347158
L-SHADE-1.0.1,10,2,9,2026320208,3.986579112347158
L-SHADE-1.0.1,10,2,10,2026320209,3.986579112347158
L-SHADE-1.0.1,10,2,11,2026320210,3.986579112347158
L-SHADE-1.0.1,10,2,12,2026320211,3.986579112347158
L-SHADE-1.0.1,10,2,13,2026320212,3.986579112347158
L-SHADE-1.0.1,10,2,14,2026320213,3.986579112347158
L-SHADE-1.0.1,10,2,15,2026320214,3.986579112347158
L-SHADE-1.0.1,10,2,16,2026320215,3.986579112347158
L-SHADE-1.0.1,10,2,17,2026320216,3.986579112347158
L-SHADE-1.0.1,10,2,18,2026320217,3.986579112347158
L-SHADE-1.0.1,10,2,19,2026320218,3.986579112347158
L-SHADE-1.0.1,10,2,20,2026320219,3.986579112347158
L-SHADE-1.0.1,10,2,21,2026320220,3.986579112347158
L-SHADE-1.0.1,10,2,22,2026320221,3.986579112347158
L-SHADE-1.0.1,10,2,23,2026320222,8.916101927781312
L-SHADE-1.0.1,10,2,24,2026320223,3.986579112347158
L-SHADE-1.0.1,10,2,25,2026320224,8.916101927781312
L-SHADE-1.0.1,10,2,26,2026320225,3.986579112347158
L-SHADE-1.0.1,10,2,27,2026320226,3.986579112347158
L-SHADE-1.0.1,10,2,28,2026320227,3.986579112347158
L-SHADE-1.0.1,10,2,29,2026320228,3.986579112347158
L-SHADE-1.0.1,10,2,30,2026320229,3.986579112347158
L-SHADE-1.0.1,10,3,1,2026320300,0
L-SHADE-1.0.1,10,3,2,2026320301,0
L-SHADE-1.0.1,10,3,3,2026320302,0
L-SHADE-1.0.1,10,3,4,2026320303,0
L-SHADE-1.0.1,10,3,5,2026320304,0
L-SHADE-1.0.1,10,3,6,2026320305,0
L-SHADE-1.0.1,10,3,7,2026320306,0
L-SHADE-1.0.1,10,3,8,2026320307,0
L-SHADE-1.0.1,10,3,9,2026320308,0
L-SHADE-1.0.1,10,3,10,2026320309,0
L-SHADE-1.0.1,10,3,11,2026320310,0
L-SHADE-1.0.1,10,3,12,2026320311,0
L-SHADE-1.0.1,10,3,13,2026320312,0
L-SHADE-1.0.1,10,3,14,2026320313,0
L-SHADE-1.0.1,10,3,15,2026320314,0
L-SHADE-1.0.1,10,3,16,2026320315,0
L-SHADE-1.0.1,10,3,17,2026320316,0
L-SHADE-1.0.1,10,3,18,2026320317,0
L-SHADE-1.0.1,10,3,19,2026320318,0
L-SHADE-1.0.1,10,3,20,2026320319,0
L-SHADE-1.0.1,10,3,21,2026320320,0
L-SHADE-1.0.1,10,3,22,2026320321,0
L-SHADE-1.0.1,10,3,23,2026320322,0
L-SHADE-1.0.1,10,3,24,2026320323,0
L-SHADE-1.0.1,10,3,25,2026320324,0
L-SHADE-1.0.1,10,3,26,2026320325,0
L-SHADE-1.0.1,10,3,27,2026320326,0
L-SHADE-1.0.1,10,3,28,2026320327,0
L-SHADE-1.0.1,10,3,29,2026320328,0
L-SHADE-1.0.1,10,3,30,2026320329,0
L-SHADE-1.0.1,10,4,1,2026320400,2.984910004450626
L-SHADE-1.0.1,10,4,2,2026320401,2.984942610019175
L-SHADE-1.0.1,10,4,3,2026320402,2.984914753384487
L-SHADE-1.0.1,10,4,4,2026320403,2.985049664057101
L-SHADE-1.0.1,10,4,5,2026320404,1.9899942164720408
L-SHADE-1.0.1,10,4,6,2026320405,2.984923935209736
L-SHADE-1.0.1,10,4,7,2026320406,1.9900822111312664
L-SHADE-1.0.1,10,4,8,2026320407,1.989957084602452
L-SHADE-1.0.1,10,4,9,2026320408,2.9848771712798907
L-SHADE-1.0.1,10,4,10,2026320409,2.9848771712798907
L-SHADE-1.0.1,10,4,11,2026320410,2.985003842606148
L-SHADE-1.0.1,10,4,12,2026320411,2.984923671009824
L-SHADE-1.0.1,10,4,13,2026320412,2.984905108990347
L-SHADE-1.0.1,10,4,14,2026320413,2.9850363694403086
L-SHADE-1.0.1,10,4,15,2026320414,2.98493497816844
L-SHADE-1.0.1,10,4,16,2026320415,2.9849235761473665
L-SHADE-1.0.1,10,4,17,2026320416,3.979836228373188
L-SHADE-1.0.1,10,4,18,2026320417,2.9849162036604184
L-SHADE-1.0.1,10,4,19,2026320418,1.989925786647632
L-SHADE-1.0.1,10,4,20,2026320419,2.9849736880619275
L-SHADE-1.0.1,10,4,21,2026320420,3.979836228373188
L-SHADE-1.0.1,10,4,22,2026320421,2.985325695008328
L-SHADE-1.0.1,10,4,23,2026320422,1.989936587526017
L-SHADE-1.0.1,10,4,24,2026320423,0.9952020886393028
L-SHADE-1.0.1,10,4,25,2026320424,2.9849122905825425
L-SHADE-1.0.1,10,4,26,2026320425,2.984877816058088
L-SHADE-1.0.1,10,4,27,2026320426,1.9900444444330103
L-SHADE-1.0.1,10,4,28,2026320427,3.979836228373188
L-SHADE-1.0.1,10,4,29,2026320428,2.9848812471311703
L-SHADE-1.0.1,10,4,30,2026320429,2.984893067862572
L-SHADE-1.0.1,10,5,1,2026320500,0
L-SHADE-1.0.1,10,5,2,2026320501,0
L-SHADE-1.0.1,10,5,3,2026320502,0
L-SHADE-1.0.1,10,5,4,2026320503,0
L-SHADE-1.0.1,10,5,5,2026320504,0
L-SHADE-1.0.1,10,5,6,2026320505,0
L-SHADE-1.0.1,10,5,7,2026320506,0
L-SHADE-1.0.1,10,5,8,2026320507,0
L-SHADE-1.0.1,10,5,9,2026320508,0
L-SHADE-1.0.1,10,5,10,2026320509,0
L-SHADE-1.0.1,10,5,11,2026320510,0
L-SHADE-1.0.1,10,5,12,2026320511,0
L-SHADE-1.0.1,10,5,13,2026320512,0
L-SHADE-1.0.1,10,5,14,2026320513,0
L-SHADE-1.0.1,10,5,15,2026320514,0
L-SHADE-1.0.1,10,5,16,2026320515,0
L-SHADE-1.0.1,10,5,17,2026320516,0
L-SHADE-1.0.1,10,5,18,2026320517,0
L-SHADE-1.0.1,10,5,19,2026320518,0
L-SHADE-1.0.1,10,5,20,2026320519,0
L-SHADE-1.0.1,10,5,21,2026320520,0
L-SHADE-1.0.1,10,5,22,2026320521,0
L-SHADE-1.0.1,10,5,23,2026320522,0
L-SHADE-1.0.1,10,5,24,2026320523,0
L-SHADE-1.0.1,10,5,25,2026320524,0
L-SHADE-1.0.1,10,5,26,2026320525,0
L-SHADE-1.0.1,10,5,27,2026320526,0
L-SHADE-1.0.1,10,5,28,2026320527,0
L-SHADE-1.0.1,10,5,29,2026320528,0
L-SHADE-1.0.1,10,5,30,2026320529,0
L-SHADE-1.0.1,10,6,1,2026320600,0.3070365811886404
L-SHADE-1.0.1,10,6,2,2026320601,0.4474388599412577
L-SHADE-1.0.1,10,6,3,2026320602,0.0806116711898994
L-SHADE-1.0.1,10,6,4,2026320603,0.4719049024506603
L-SHADE-1.0.1,10,6,5,2026320604,0.0679217425117713
L-SHADE-1.0.1,10,6,6,2026320605,0.0369579296329902
L-SHADE-1.0.1,10,6,7,2026320606,0.4684699548467961
L-SHADE-1.0.1,10,6,8,2026320607,0.2752054314150882
L-SHADE-1.0.1,10,6,9,2026320608,0.2027206703262436
L-SHADE-1.0.1,10,6,10,2026320609,0.1645915916719786
L-SHADE-1.0.1,10,6,11,2026320610,0.4819169164934465
L-SHADE-1.0.1,10,6,12,2026320611,0.4161203832084084
L-SHADE-1.0.1,10,6,13,2026320612,0.3986906945069677
L-SHADE-1.0.1,10,6,14,2026320613,0.4158441161969222
L-SHADE-1.0.1,10,6,15,2026320614,0.0050328820489085
L-SHADE-1.0.1,10,6,16,2026320615,0.3985383099170576
L-SHADE-1.0.1,10,6,17,2026320616,0.1964036825497714
L-SHADE-1.0.1,10,6,18,2026320617,0.3937266360237572
L-SHADE-1.0.1,10,6,19,2026320618,0.4720427311210642
L-SHADE-1.0.1,10,6,20,2026320619,0.4667935598856729
L-SHADE-1.0.1,10,6,21,2026320620,0.3600125695472798
L-SHADE-1.0.1,10,6,22,2026320621,0.4912715245122854
L-SHADE-1.0.1,10,6,23,2026320622,0.3353073426549144
L-SHADE-1.0.1,10,6,24,2026320623,0.2261121289836865
L-SHADE-1.0.1,10,6,25,2026320624,0.4301028548234171
L-SHADE-1.0.1,10,6,26,2026320625,0.3977230768605295
L-SHADE-1.0.1,10,6,27,2026320626,0.4489373869196242
L-SHADE-1.0.1,10,6,28,2026320627,0.4977494039405883
L-SHADE-1.0.1,10,6,29,2026320628,0.1764725657135386
L-SHADE-1.0.1,10,6,30,2026320629,0.3642374214216488
L-SHADE-1.0.1,10,7,1,2026320700,0
L-SHADE-1.0.1,10,7,2,2026320701,0
L-SHADE-1.0.1,10,7,3,2026320702,0
L-SHADE-1.0.1,10,7,4,2026320703,0
L-SHADE-1.0.1,10,7,5,2026320704,0
L-SHADE-1.0.1,10,7,6,2026320705,0
L-SHADE-1.0.1,10,7,7,2026320706,0
L-SHADE-1.0.1,10,7,8,2026320707,0
L-SHADE-1.0.1,10,7,9,2026320708,0
L-SHADE-1.0.1,10,7,10,2026320709,0
L-SHADE-1.0.1,10,7,11,2026320710,0
L-SHADE-1.0.1,10,7,12,2026320711,0
L-SHADE-1.0.1,10,7,13,2026320712,0
L-SHADE-1.0.1,10,7,14,2026320713,0
L-SHADE-1.0.1,10,7,15,2026320714,0
L-SHADE-1.0.1,10,7,16,2026320715,0
L-SHADE-1.0.1,10,7,17,2026320716,0
L-SHADE-1.0.1,10,7,18,2026320717,1.8676973922993056e-7
L-SHADE-1.0.1,10,7,19,2026320718,0
L-SHADE-1.0.1,10,7,20,2026320719,0
L-SHADE-1.0.1,10,7,21,2026320720,0
L-SHADE-1.0.1,10,7,22,2026320721,0
L-SHADE-1.0.1,10,7,23,2026320722,0
L-SHADE-1.0.1,10,7,24,2026320723,0
L-SHADE-1.0.1,10,7,25,2026320724,0
L-SHADE-1.0.1,10,7,26,2026320725,0
L-SHADE-1.0.1,10,7,27,2026320726,0
L-SHADE-1.0.1,10,7,28,2026320727,0
L-SHADE-1.0.1,10,7,29,2026320728,0
L-SHADE-1.0.1,10,7,30,2026320729,0
L-SHADE-1.0.1,10,8,1,2026320800,1.0725942407598268
L-SHADE-1.0.1,10,8,2,2026320801,0.5880397011724199
L-SHADE-1.0.1,10,8,3,2026320802,4.580045301779592
L-SHADE-1.0.1,10,8,4,2026320803,1.1005656984639245
L-SHADE-1.0.1,10,8,5,2026320804,0.4188203584189978
L-SHADE-1.0.1,10,8,6,2026320805,0.5968342871660752
L-SHADE-1.0.1,10,8,7,2026320806,0.1736716213958971
L-SHADE-1.0.1,10,8,8,2026320807,0.3887233550235578
L-SHADE-1.0.1,10,8,9,2026320808,0.5961013597616329
L-SHADE-1.0.1,10,8,10,2026320809,6.821385497888514
L-SHADE-1.0.1,10,8,11,2026320810,0.4325450440710483
L-SHADE-1.0.1,10,8,12,2026320811,0.8688850226617433
L-SHADE-1.0.1,10,8,13,2026320812,1.0691332993092146
L-SHADE-1.0.1,10,8,14,2026320813,0.2768096522936503
L-SHADE-1.0.1,10,8,15,2026320814,0.3568133390140247
L-SHADE-1.0.1,10,8,16,2026320815,0.269818687868792
L-SHADE-1.0.1,10,8,17,2026320816,0.2945268897233291
L-SHADE-1.0.1,10,8,18,2026320817,0.2218400238580216
L-SHADE-1.0.1,10,8,19,2026320818,0.4124621749983816
L-SHADE-1.0.1,10,8,20,2026320819,0.3977167750631452
L-SHADE-1.0.1,10,8,21,2026320820,0.2419432940928345
L-SHADE-1.0.1,10,8,22,2026320821,0.9255292510010804
L-SHADE-1.0.1,10,8,23,2026320822,0.2814132117960071
L-SHADE-1.0.1,10,8,24,2026320823,0.334609389209163
L-SHADE-1.0.1,10,8,25,2026320824,0.6476915837320121
L-SHADE-1.0.1,10,8,26,2026320825,2.822621833891389
L-SHADE-1.0.1,10,8,27,2026320826,0.3293017647215492
L-SHADE-1.0.1,10,8,28,2026320827,0.8546343297643944
L-SHADE-1.0.1,10,8,29,2026320828,4.184923733632786
L-SHADE-1.0.1,10,8,30,2026320829,0.0984325200611238
L-SHADE-1.0.1,10,9,1,2026320900,229.2843827084871
L-SHADE-1.0.1,10,9,2,2026320901,229.2843827084871
L-SHADE-1.0.1,10,9,3,2026320902,229.2843827084871
L-SHADE-1.0.1,10,9,4,2026320903,229.2843827084871
L-SHADE-1.0.1,10,9,5,2026320904,229.2843827084871
L-SHADE-1.0.1,10,9,6,2026320905,229.2843827084871
L-SHADE-1.0.1,10,9,7,2026320906,229.2843827084871
L-SHADE-1.0.1,10,9,8,2026320907,229.2843827084871
L-SHADE-1.0.1,10,9,9,2026320908,229.2843827084871
L-SHADE-1.0.1,10,9,10,2026320909,229.2843827084871
L-SHADE-1.0.1,10,9,11,2026320910,229.2843827084871
L-SHADE-1.0.1,10,9,12,2026320911,229.2843827084871
L-SHADE-1.0.1,10,9,13,2026320912,229.2843827084871
L-SHADE-1.0.1,10,9,14,2026320913,229.2843827084871
L-SHADE-1.0.1,10,9,15,2026320914,229.2843827084871
L-SHADE-1.0.1,10,9,16,2026320915,229.2843827084871
L-SHADE-1.0.1,10,9,17,2026320916,229.2843827084871
L-SHADE-1.0.1,10,9,18,2026320917,229.2843827084871
L-SHADE-1.0.1,10,9,19,2026320918,229.2843827084871
L-SHADE-1.0.1,10,9,20,2026320919,229.2843827084871
L-SHADE-1.0.1,10,9,21,2026320920,229.2843827084871
L-SHADE-1.0.1,10,9,22,2026320921,229.2843827084871
L-SHADE-1.0.1,10,9,23,2026320922,229.2843827084871
L-SHADE-1.0.1,10,9,24,2026320923,229.2843827084871
L-SHADE-1.0.1,10,9,25,2026320924,229.2843827084871
L-SHADE-1.0.1,10,9,26,2026320925,229.2843827084871
L-SHADE-1.0.1,10,9,27,2026320926,229.2843827084871
L-SHADE-1.0.1,10,9,28,2026320927,229.2843827084871
L-SHADE-1.0.1,10,9,29,2026320928,229.2843827084871
L-SHADE-1.0.1,10,9,30,2026320929,229.2843827084871
L-SHADE-1.0.1,10,10,1,2026321000,100.2290652960337
L-SHADE-1.0.1,10,10,2,2026321001,100.19706274300188
L-SHADE-1.0.1,10,10,3,2026321002,100.21376189205604
L-SHADE-1.0.1,10,10,4,2026321003,100.21305605466978
L-SHADE-1.0.1,10,10,5,2026321004,100.1993793512902
L-SHADE-1.0.1,10,10,6,2026321005,100.22499720496852
L-SHADE-1.0.1,10,10,7,2026321006,100.20235632341928
L-SHADE-1.0.1,10,10,8,2026321007,100.22182146202248
L-SHADE-1.0.1,10,10,9,2026321008,100.25001103554814
L-SHADE-1.0.1,10,10,10,2026321009,100.16676752848662
L-SHADE-1.0.1,10,10,11,2026321010,100.22597145253076
L-SHADE-1.0.1,10,10,12,2026321011,100.24431008470856
L-SHADE-1.0.1,10,10,13,2026321012,100.19950134600958
L-SHADE-1.0.1,10,10,14,2026321013,100.24670097122451
L-SHADE-1.0.1,10,10,15,2026321014,100.19081026826508
L-SHADE-1.0.1,10,10,16,2026321015,100.17612397812854
L-SHADE-1.0.1,10,10,17,2026321016,100.22133067460754
L-SHADE-1.0.1,10,10,18,2026321017,100.20718678607044
L-SHADE-1.0.1,10,10,19,2026321018,100.22087084962368
L-SHADE-1.0.1,10,10,20,2026321019,100.21492478138772
L-SHADE-1.0.1,10,10,21,2026321020,100.173003178415
L-SHADE-1.0.1,10,10,22,2026321021,100.21617198255854
L-SHADE-1.0.1,10,10,23,2026321022,100.19536020937404
L-SHADE-1.0.1,10,10,24,2026321023,100.15399183478576
L-SHADE-1.0.1,10,10,25,2026321024,100.22120489966257
L-SHADE-1.0.1,10,10,26,2026321025,100.25805237149508
L-SHADE-1.0.1,10,10,27,2026321026,100.2048298530408
L-SHADE-1.0.1,10,10,28,2026321027,100.2030077268505
L-SHADE-1.0.1,10,10,29,2026321028,100.20888062843552
L-SHADE-1.0.1,10,10,30,2026321029,100.20673287161073
L-SHADE-1.0.1,10,11,1,2026321100,0
L-SHADE-1.0.1,10,11,2,2026321101,0
L-SHADE-1.0.1,10,11,3,2026321102,0
L-SHADE-1.0.1,10,11,4,2026321103,0
L-SHADE-1.0.1,10,11,5,2026321104,0
L-SHADE-1.0.1,10,11,6,2026321105,0
L-SHADE-1.0.1,10,11,7,2026321106,0
L-SHADE-1.0.1,10,11,8,2026321107,0
L-SHADE-1.0.1,10,11,9,2026321108,0
L-SHADE-1.0.1,10,11,10,2026321109,0
L-SHADE-1.0.1,10,11,11,2026321110,0
L-SHADE-1.0.1,10,11,12,2026321111,0
L-SHADE-1.0.1,10,11,13,2026321112,0
L-SHADE-1.0.1,10,11,14,2026321113,0
L-SHADE-1.0.1,10,11,15,2026321114,0
L-SHADE-1.0.1,10,11,16,2026321115,0
L-SHADE-1.0.1,10,11,17,2026321116,0
L-SHADE-1.0.1,10,11,18,2026321117,0
L-SHADE-1.0.1,10,11,19,2026321118,0
L-SHADE-1.0.1,10,11,20,2026321119,0
L-SHADE-1.0.1,10,11,21,2026321120,0
L-SHADE-1.0.1,10,11,22,2026321121,0
L-SHADE-1.0.1,10,11,23,2026321122,0
L-SHADE-1.0.1,10,11,24,2026321123,0
L-SHADE-1.0.1,10,11,25,2026321124,0
L-SHADE-1.0.1,10,11,26,2026321125,0
L-SHADE-1.0.1,10,11,27,2026321126,0
L-SHADE-1.0.1,10,11,28,2026321127,0
L-SHADE-1.0.1,10,11,29,2026321128,0
L-SHADE-1.0.1,10,11,30,2026321129,0
L-SHADE-1.0.1,10,12,1,2026321200,162.70013053532875
L-SHADE-1.0.1,10,12,2,2026321201,162.70013053532875
L-SHADE-1.0.1,10,12,3,2026321202,159.36873363703762
L-SHADE-1.0.1,10,12,4,2026321203,160.68017613054326
L-SHADE-1.0.1,10,12,5,2026321204,161.4048807587492
L-SHADE-1.0.1,10,12,6,2026321205,159.36873363703762
L-SHADE-1.0.1,10,12,7,2026321206,162.70013053532875
L-SHADE-1.0.1,10,12,8,2026321207,161.4352676774106
L-SHADE-1.0.1,10,12,9,2026321208,158.61835455766823
L-SHADE-1.0.1,10,12,10,2026321209,162.70013053532875
L-SHADE-1.0.1,10,12,11,2026321210,159.36873363703762
L-SHADE-1.0.1,10,12,12,2026321211,161.4352676774106
L-SHADE-1.0.1,10,12,13,2026321212,162.70013053532875
L-SHADE-1.0.1,10,12,14,2026321213,162.70013053532875
L-SHADE-1.0.1,10,12,15,2026321214,158.61835455766823
L-SHADE-1.0.1,10,12,16,2026321215,162.70013053532875
L-SHADE-1.0.1,10,12,17,2026321216,159.36873363703762
L-SHADE-1.0.1,10,12,18,2026321217,161.4048807587492
L-SHADE-1.0.1,10,12,19,2026321218,159.36873363703762
L-SHADE-1.0.1,10,12,20,2026321219,159.36873363703762
L-SHADE-1.0.1,10,12,21,2026321220,162.70013053532875
L-SHADE-1.0.1,10,12,22,2026321221,164.9310079029069
L-SHADE-1.0.1,10,12,23,2026321222,162.70013053532875
L-SHADE-1.0.1,10,12,24,2026321223,161.4048807587492
L-SHADE-1.0.1,10,12,25,2026321224,161.4352676774106
L-SHADE-1.0.1,10,12,26,2026321225,161.4352676774106
L-SHADE-1.0.1,10,12,27,2026321226,161.4048807587492
L-SHADE-1.0.1,10,12,28,2026321227,162.56737635795616
L-SHADE-1.0.1,10,12,29,2026321228,162.70013053532875
L-SHADE-1.0.1,10,12,30,2026321229,164.92194156800042
L-SHADE-1.0.1,20,1,1,2026420100,0
L-SHADE-1.0.1,20,1,2,2026420101,0
L-SHADE-1.0.1,20,1,3,2026420102,0
L-SHADE-1.0.1,20,1,4,2026420103,0
L-SHADE-1.0.1,20,1,5,2026420104,0
L-SHADE-1.0.1,20,1,6,2026420105,0
L-SHADE-1.0.1,20,1,7,2026420106,0
L-SHADE-1.0.1,20,1,8,2026420107,0
L-SHADE-1.0.1,20,1,9,2026420108,0
L-SHADE-1.0.1,20,1,10,2026420109,0
L-SHADE-1.0.1,20,1,11,2026420110,0
L-SHADE-1.0.1,20,1,12,2026420111,0
L-SHADE-1.0.1,20,1,13,2026420112,0
L-SHADE-1.0.1,20,1,14,2026420113,0
L-SHADE-1.0.1,20,1,15,2026420114,0
L-SHADE-1.0.1,20,1,16,2026420115,0
L-SHADE-1.0.1,20,1,17,2026420116,0
L-SHADE-1.0.1,20,1,18,2026420117,0
L-SHADE-1.0.1,20,1,19,2026420118,0
L-SHADE-1.0.1,20,1,20,2026420119,0
L-SHADE-1.0.1,20,1,21,2026420120,0
L-SHADE-1.0.1,20,1,22,2026420121,0
L-SHADE-1.0.1,20,1,23,2026420122,0
L-SHADE-1.0.1,20,1,24,2026420123,0
L-SHADE-1.0.1,20,1,25,2026420124,0
L-SHADE-1.0.1,20,1,26,2026420125,0
L-SHADE-1.0.1,20,1,27,2026420126,0
L-SHADE-1.0.1,20,1,28,2026420127,0
L-SHADE-1.0.1,20,1,29,2026420128,0
L-SHADE-1.0.1,20,1,30,2026420129,0
L-SHADE-1.0.1,20,2,1,2026420200,49.08447897948116
L-SHADE-1.0.1,20,2,2,2026420201,49.08447897948116
L-SHADE-1.0.1,20,2,3,2026420202,49.08447897948116
L-SHADE-1.0.1,20,2,4,2026420203,49.08447897948116
L-SHADE-1.0.1,20,2,5,2026420204,44.89546931745127
L-SHADE-1.0.1,20,2,6,2026420205,49.08447897948116
L-SHADE-1.0.1,20,2,7,2026420206,49.08447897948116
L-SHADE-1.0.1,20,2,8,2026420207,49.08447897948116
L-SHADE-1.0.1,20,2,9,2026420208,49.08447897948116
L-SHADE-1.0.1,20,2,10,2026420209,49.08447897948116
L-SHADE-1.0.1,20,2,11,2026420210,49.08447897948116
L-SHADE-1.0.1,20,2,12,2026420211,49.08447897948116
L-SHADE-1.0.1,20,2,13,2026420212,49.08447897948116
L-SHADE-1.0.1,20,2,14,2026420213,49.08447897948116
L-SHADE-1.0.1,20,2,15,2026420214,49.08447897948116
L-SHADE-1.0.1,20,2,16,2026420215,49.08447897948116
L-SHADE-1.0.1,20,2,17,2026420216,49.08447897948116
L-SHADE-1.0.1,20,2,18,2026420217,49.08447897948116
L-SHADE-1.0.1,20,2,19,2026420218,49.08447897948116
L-SHADE-1.0.1,20,2,20,2026420219,49.08447897948116
L-SHADE-1.0.1,20,2,21,2026420220,49.08447897948116
L-SHADE-1.0.1,20,2,22,2026420221,49.08447897948116
L-SHADE-1.0.1,20,2,23,2026420222,49.08447897948116
L-SHADE-1.0.1,20,2,24,2026420223,49.08447897948116
L-SHADE-1.0.1,20,2,25,2026420224,49.08447897948116
L-SHADE-1.0.1,20,2,26,2026420225,49.08447897948116
L-SHADE-1.0.1,20,2,27,2026420226,49.08447897948116
L-SHADE-1.0.1,20,2,28,2026420227,49.08447897948116
L-SHADE-1.0.1,20,2,29,2026420228,49.08447897948116
L-SHADE-1.0.1,20,2,30,2026420229,49.08447897948116
L-SHADE-1.0.1,20,3,1,2026420300,0
L-SHADE-1.0.1,20,3,2,2026420301,0
L-SHADE-1.0.1,20,3,3,2026420302,0
L-SHADE-1.0.1,20,3,4,2026420303,0
L-SHADE-1.0.1,20,3,5,2026420304,0
L-SHADE-1.0.1,20,3,6,2026420305,0
L-SHADE-1.0.1,20,3,7,2026420306,0
L-SHADE-1.0.1,20,3,8,2026420307,0
L-SHADE-1.0.1,20,3,9,2026420308,0
L-SHADE-1.0.1,20,3,10,2026420309,0
L-SHADE-1.0.1,20,3,11,2026420310,0
L-SHADE-1.0.1,20,3,12,2026420311,0
L-SHADE-1.0.1,20,3,13,2026420312,0
L-SHADE-1.0.1,20,3,14,2026420313,0
L-SHADE-1.0.1,20,3,15,2026420314,0
L-SHADE-1.0.1,20,3,16,2026420315,0
L-SHADE-1.0.1,20,3,17,2026420316,0
L-SHADE-1.0.1,20,3,18,2026420317,0
L-SHADE-1.0.1,20,3,19,2026420318,0
L-SHADE-1.0.1,20,3,20,2026420319,0
L-SHADE-1.0.1,20,3,21,2026420320,0
L-SHADE-1.0.1,20,3,22,2026420321,0
L-SHADE-1.0.1,20,3,23,2026420322,0
L-SHADE-1.0.1,20,3,24,2026420323,0
L-SHADE-1.0.1,20,3,25,2026420324,0
L-SHADE-1.0.1,20,3,26,2026420325,0
L-SHADE-1.0.1,20,3,27,2026420326,0
L-SHADE-1.0.1,20,3,28,2026420327,0
L-SHADE-1.0.1,20,3,29,2026420328,0
L-SHADE-1.0.1,20,3,30,2026420329,0
L-SHADE-1.0.1,20,4,1,2026420400,3.979901281271509
L-SHADE-1.0.1,20,4,2,2026420401,3.9799409281952194
L-SHADE-1.0.1,20,4,3,2026420402,5.9697797157573405
L-SHADE-1.0.1,20,4,4,2026420403,2.9849001515292457
L-SHADE-1.0.1,20,4,5,2026420404,2.985024251593586
L-SHADE-1.0.1,20,4,6,2026420405,2.984902839463871
L-SHADE-1.0.1,20,4,7,2026420406,5.969849485918189
L-SHADE-1.0.1,20,4,8,2026420407,2.9849098957172373
L-SHADE-1.0.1,20,4,9,2026420408,2.9849280403278726
L-SHADE-1.0.1,20,4,10,2026420409,3.979880583708336
L-SHADE-1.0.1,20,4,11,2026420410,3.979875954454656
L-SHADE-1.0.1,20,4,12,2026420411,3.979900296005326
L-SHADE-1.0.1,20,4,13,2026420412,3.979845627197392
L-SHADE-1.0.1,20,4,14,2026420413,3.979895865562753
L-SHADE-1.0.1,20,4,15,2026420414,3.97985288996233
L-SHADE-1.0.1,20,4,16,2026420415,4.97482570523664
L-SHADE-1.0.1,20,4,17,2026420416,3.9799853118547617
L-SHADE-1.0.1,20,4,18,2026420417,3.979947734804796
L-SHADE-1.0.1,20,4,19,2026420418,3.979885584946828
L-SHADE-1.0.1,20,4,20,2026420419,3.979954601695681
L-SHADE-1.0.1,20,4,21,2026420420,3.979862446547827
L-SHADE-1.0.1,20,4,22,2026420421,2.984918235470218
L-SHADE-1.0.1,20,4,23,2026420422,4.974818678016618
L-SHADE-1.0.1,20,4,24,2026420423,3.979892354405365
L-SHADE-1.0.1,20,4,25,2026420424,3.9799350240444937
L-SHADE-1.0.1,20,4,26,2026420425,3.979875982832368
L-SHADE-1.0.1,20,4,27,2026420426,4.9748286055991
L-SHADE-1.0.1,20,4,28,2026420427,5.969783267409639
L-SHADE-1.0.1,20,4,29,2026420428,2.984894104447676
L-SHADE-1.0.1,20,4,30,2026420429,3.9798666928140847
L-SHADE-1.0.1,20,5,1,2026420500,0
L-SHADE-1.0.1,20,5,2,2026420501,0
L-SHADE-1.0.1,20,5,3,2026420502,0
L-SHADE-1.0.1,20,5,4,2026420503,0
L-SHADE-1.0.1,20,5,5,2026420504,0
L-SHADE-1.0.1,20,5,6,2026420505,0
L-SHADE-1.0.1,20,5,7,2026420506,0
L-SHADE-1.0.1,20,5,8,2026420507,0
L-SHADE-1.0.1,20,5,9,2026420508,0
L-SHADE-1.0.1,20,5,10,2026420509,0
L-SHADE-1.0.1,20,5,11,2026420510,0
L-SHADE-1.0.1,20,5,12,2026420511,0
L-SHADE-1.0.1,20,5,13,2026420512,0
L-SHADE-1.0.1,20,5,14,2026420513,0
L-SHADE-1.0.1,20,5,15,2026420514,0
L-SHADE-1.0.1,20,5,16,2026420515,0
L-SHADE-1.0.1,20,5,17,2026420516,0
L-SHADE-1.0.1,20,5,18,2026420517,0
L-SHADE-1.0.1,20,5,19,2026420518,0
L-SHADE-1.0.1,20,5,20,2026420519,0
L-SHADE-1.0.1,20,5,21,2026420520,0
L-SHADE-1.0.1,20,5,22,2026420521,0
L-SHADE-1.0.1,20,5,23,2026420522,0
L-SHADE-1.0.1,20,5,24,2026420523,0
L-SHADE-1.0.1,20,5,25,2026420524,0
L-SHADE-1.0.1,20,5,26,2026420525,0
L-SHADE-1.0.1,20,5,27,2026420526,0
L-SHADE-1.0.1,20,5,28,2026420527,0
L-SHADE-1.0.1,20,5,29,2026420528,0
L-SHADE-1.0.1,20,5,30,2026420529,0
L-SHADE-1.0.1,20,6,1,2026420600,0.3079715256101281
L-SHADE-1.0.1,20,6,2,2026420601,0.4999999793562892
L-SHADE-1.0.1,20,6,3,2026420602,0.4445975209043808
L-SHADE-1.0.1,20,6,4,2026420603,0.2907252933173367
L-SHADE-1.0.1,20,6,5,2026420604,0.4998465888966166
L-SHADE-1.0.1,20,6,6,2026420605,0.499986139362818
L-SHADE-1.0.1,20,6,7,2026420606,0.4999828384231932
L-SHADE-1.0.1,20,6,8,2026420607,0.490986406489128
L-SHADE-1.0.1,20,6,9,2026420608,0.4983166634006011
L-SHADE-1.0.1,20,6,10,2026420609,0.4999959685401336
L-SHADE-1.0.1,20,6,11,2026420610,0.4907164648393518
L-SHADE-1.0.1,20,6,12,2026420611,0.4441265350239973
L-SHADE-1.0.1,20,6,13,2026420612,0.3046738588304833
L-SHADE-1.0.1,20,6,14,2026420613,0.4999816357189957
L-SHADE-1.0.1,20,6,15,2026420614,0.4999999971239504
L-SHADE-1.0.1,20,6,16,2026420615,0.4999953419085159
L-SHADE-1.0.1,20,6,17,2026420616,0.1952546953907585
L-SHADE-1.0.1,20,6,18,2026420617,0.4967641369098601
L-SHADE-1.0.1,20,6,19,2026420618,0.2969880929745159
L-SHADE-1.0.1,20,6,20,2026420619,0.3994410447221526
L-SHADE-1.0.1,20,6,21,2026420620,0.4996921989295515
L-SHADE-1.0.1,20,6,22,2026420621,0.1530769874977977
L-SHADE-1.0.1,20,6,23,2026420622,0.4999985809695317
L-SHADE-1.0.1,20,6,24,2026420623,0.4999999919971287
L-SHADE-1.0.1,20,6,25,2026420624,0.499349005825934
L-SHADE-1.0.1,20,6,26,2026420625,0.4933292885209539
L-SHADE-1.0.1,20,6,27,2026420626,0.3077774571395366
L-SHADE-1.0.1,20,6,28,2026420627,0.3099415067954396
L-SHADE-1.0.1,20,6,29,2026420628,0.4999936569065539
L-SHADE-1.0.1,20,6,30,2026420629,0.499999702043624
L-SHADE-1.0.1,20,7,1,2026420700,4.023082938864263
L-SHADE-1.0.1,20,7,2,2026420701,1.2077473144829582
L-SHADE-1.0.1,20,7,3,2026420702,3.2552370518055795
L-SHADE-1.0.1,20,7,4,2026420703,2.3258889555227142
L-SHADE-1.0.1,20,7,5,2026420704,2.3022623699228006
L-SHADE-1.0.1,20,7,6,2026420705,7.760299373615453
L-SHADE-1.0.1,20,7,7,2026420706,4.406774065600075
L-SHADE-1.0.1,20,7,8,2026420707,2.477523043285828
L-SHADE-1.0.1,20,7,9,2026420708,20.070901772598745
L-SHADE-1.0.1,20,7,10,2026420709,2.887022870637793
L-SHADE-1.0.1,20,7,11,2026420710,4.005881634287562
L-SHADE-1.0.1,20,7,12,2026420711,2.4681023268840363
L-SHADE-1.0.1,20,7,13,2026420712,2.9604622188801386
L-SHADE-1.0.1,20,7,14,2026420713,6.0053084806247625
L-SHADE-1.0.1,20,7,15,2026420714,7.071278599905099
L-SHADE-1.0.1,20,7,16,2026420715,2.574136750595017
L-SHADE-1.0.1,20,7,17,2026420716,1.84528071179102
L-SHADE-1.0.1,20,7,18,2026420717,1.5307410021582657
L-SHADE-1.0.1,20,7,19,2026420718,4.682264523330332
L-SHADE-1.0.1,20,7,20,2026420719,2.2717473932007124
L-SHADE-1.0.1,20,7,21,2026420720,4.02586542058998
L-SHADE-1.0.1,20,7,22,2026420721,3.27025482860995
L-SHADE-1.0.1,20,7,23,2026420722,1.7172540889976062
L-SHADE-1.0.1,20,7,24,2026420723,2.9252020352564614
L-SHADE-1.0.1,20,7,25,2026420724,2.579773567213124
L-SHADE-1.0.1,20,7,26,2026420725,2.295090522753753
L-SHADE-1.0.1,20,7,27,2026420726,1.472253318778712
L-SHADE-1.0.1,20,7,28,2026420727,5.355773751372681
L-SHADE-1.0.1,20,7,29,2026420728,2.6767373449040406
L-SHADE-1.0.1,20,7,30,2026420729,3.720849169943904
L-SHADE-1.0.1,20,8,1,2026420800,16.493961495038093
L-SHADE-1.0.1,20,8,2,2026420801,20.246403900855512
L-SHADE-1.0.1,20,8,3,2026420802,17.848705743754635
L-SHADE-1.0.1,20,8,4,2026420803,20.36909307189262
L-SHADE-1.0.1,20,8,5,2026420804,20.22734117149912
L-SHADE-1.0.1,20,8,6,2026420805,17.641761228202995
L-SHADE-1.0.1,20,8,7,2026420806,19.64077731980251
L-SHADE-1.0.1,20,8,8,2026420807,20.34911310047255
L-SHADE-1.0.1,20,8,9,2026420808,20.495293199993284
L-SHADE-1.0.1,20,8,10,2026420809,4.226568221220987
L-SHADE-1.0.1,20,8,11,2026420810,20.28556291543464
L-SHADE-1.0.1,20,8,12,2026420811,20.392532699635467
L-SHADE-1.0.1,20,8,13,2026420812,19.831411235873475
L-SHADE-1.0.1,20,8,14,2026420813,20.124003086292305
L-SHADE-1.0.1,20,8,15,2026420814,20.346914335170823
L-SHADE-1.0.1,20,8,16,2026420815,20.30541062328712
L-SHADE-1.0.1,20,8,17,2026420816,20.39974805350812
L-SHADE-1.0.1,20,8,18,2026420817,20.29290822104668
L-SHADE-1.0.1,20,8,19,2026420818,18.230936284206564
L-SHADE-1.0.1,20,8,20,2026420819,19.83600408940401
L-SHADE-1.0.1,20,8,21,2026420820,20.302939742779017
L-SHADE-1.0.1,20,8,22,2026420821,20.25809567194392
L-SHADE-1.0.1,20,8,23,2026420822,10.625277074835594
L-SHADE-1.0.1,20,8,24,2026420823,20.360021105339
L-SHADE-1.0.1,20,8,25,2026420824,19.83183312340043
L-SHADE-1.0.1,20,8,26,2026420825,12.867020334788322
L-SHADE-1.0.1,20,8,27,2026420826,20.38936247141237
L-SHADE-1.0.1,20,8,28,2026420827,20.35387253426279
L-SHADE-1.0.1,20,8,29,2026420828,10.919161146980514
L-SHADE-1.0.1,20,8,30,2026420829,3.264094074874265
L-SHADE-1.0.1,20,9,1,2026420900,180.78127167774664
L-SHADE-1.0.1,20,9,2,2026420901,180.78127167774664
L-SHADE-1.0.1,20,9,3,2026420902,180.78127167774664
L-SHADE-1.0.1,20,9,4,2026420903,180.78127167774664
L-SHADE-1.0.1,20,9,5,2026420904,180.78127167774664
L-SHADE-1.0.1,20,9,6,2026420905,180.78127167774664
L-SHADE-1.0.1,20,9,7,2026420906,180.78127167774664
L-SHADE-1.0.1,20,9,8,2026420907,180.78127167774664
L-SHADE-1.0.1,20,9,9,2026420908,180.78127167774664
L-SHADE-1.0.1,20,9,10,2026420909,180.78127167774664
L-SHADE-1.0.1,20,9,11,2026420910,180.78127167774664
L-SHADE-1.0.1,20,9,12,2026420911,180.78127167774664
L-SHADE-1.0.1,20,9,13,2026420912,180.78127167774664
L-SHADE-1.0.1,20,9,14,2026420913,180.78127167774664
L-SHADE-1.0.1,20,9,15,2026420914,180.78127167774664
L-SHADE-1.0.1,20,9,16,2026420915,180.78127167774664
L-SHADE-1.0.1,20,9,17,2026420916,180.78127167774664
L-SHADE-1.0.1,20,9,18,2026420917,180.78127167774664
L-SHADE-1.0.1,20,9,19,2026420918,180.78127167774664
L-SHADE-1.0.1,20,9,20,2026420919,180.78127167774664
L-SHADE-1.0.1,20,9,21,2026420920,180.78127167774664
L-SHADE-1.0.1,20,9,22,2026420921,180.78127167774664
L-SHADE-1.0.1,20,9,23,2026420922,180.78127167774664
L-SHADE-1.0.1,20,9,24,2026420923,180.78127167774664
L-SHADE-1.0.1,20,9,25,2026420924,180.78127167774664
L-SHADE-1.0.1,20,9,26,2026420925,180.78127167774664
L-SHADE-1.0.1,20,9,27,2026420926,180.78127167774664
L-SHADE-1.0.1,20,9,28,2026420927,180.78127167774664
L-SHADE-1.0.1,20,9,29,2026420928,180.78127167774664
L-SHADE-1.0.1,20,9,30,2026420929,180.78127167774664
L-SHADE-1.0.1,20,10,1,2026421000,100.2929600786424
L-SHADE-1.0.1,20,10,2,2026421001,100.27841130215891
L-SHADE-1.0.1,20,10,3,2026421002,100.28772281843794
L-SHADE-1.0.1,20,10,4,2026421003,100.267993974604
L-SHADE-1.0.1,20,10,5,2026421004,100.27961631618793
L-SHADE-1.0.1,20,10,6,2026421005,100.26444418047096
L-SHADE-1.0.1,20,10,7,2026421006,100.26750472093543
L-SHADE-1.0.1,20,10,8,2026421007,100.278870853816
L-SHADE-1.0.1,20,10,9,2026421008,100.2505715246084
L-SHADE-1.0.1,20,10,10,2026421009,100.27766173158624
L-SHADE-1.0.1,20,10,11,2026421010,100.34695807261414
L-SHADE-1.0.1,20,10,12,2026421011,100.25928503137813
L-SHADE-1.0.1,20,10,13,2026421012,100.29765240197412
L-SHADE-1.0.1,20,10,14,2026421013,100.28895349121284
L-SHADE-1.0.1,20,10,15,2026421014,100.313248806684
L-SHADE-1.0.1,20,10,16,2026421015,100.22880451841412
L-SHADE-1.0.1,20,10,17,2026421016,100.27303920007716
L-SHADE-1.0.1,20,10,18,2026421017,100.28937338193782
L-SHADE-1.0.1,20,10,19,2026421018,100.33329667127964
L-SHADE-1.0.1,20,10,20,2026421019,100.2422759997553
L-SHADE-1.0.1,20,10,21,2026421020,100.28512568163706
L-SHADE-1.0.1,20,10,22,2026421021,100.30209104047208
L-SHADE-1.0.1,20,10,23,2026421022,100.26608976716444
L-SHADE-1.0.1,20,10,24,2026421023,100.24645544584382
L-SHADE-1.0.1,20,10,25,2026421024,100.23501821800028
L-SHADE-1.0.1,20,10,26,2026421025,100.3030492613084
L-SHADE-1.0.1,20,10,27,2026421026,100.2575387714005
L-SHADE-1.0.1,20,10,28,2026421027,100.27616934602791
L-SHADE-1.0.1,20,10,29,2026421028,100.24114076229353
L-SHADE-1.0.1,20,10,30,2026421029,100.27401212660244
L-SHADE-1.0.1,20,11,1,2026421100,300
L-SHADE-1.0.1,20,11,2,2026421101,300.00000000000045
L-SHADE-1.0.1,20,11,3,2026421102,300
L-SHADE-1.0.1,20,11,4,2026421103,300
L-SHADE-1.0.1,20,11,5,2026421104,300
L-SHADE-1.0.1,20,11,6,2026421105,300
L-SHADE-1.0.1,20,11,7,2026421106,300
L-SHADE-1.0.1,20,11,8,2026421107,300
L-SHADE-1.0.1,20,11,9,2026421108,300
L-SHADE-1.0.1,20,11,10,2026421109,300
L-SHADE-1.0.1,20,11,11,2026421110,300
L-SHADE-1.0.1,20,11,12,2026421111,300
L-SHADE-1.0.1,20,11,13,2026421112,300
L-SHADE-1.0.1,20,11,14,2026421113,300.00000000000045
L-SHADE-1.0.1,20,11,15,2026421114,300
L-SHADE-1.0.1,20,11,16,2026421115,300
L-SHADE-1.0.1,20,11,17,2026421116,300
L-SHADE-1.0.1,20,11,18,2026421117,300.00000000000045
L-SHADE-1.0.1,20,11,19,2026421118,300
L-SHADE-1.0.1,20,11,20,2026421119,300
L-SHADE-1.0.1,20,11,21,2026421120,300
L-SHADE-1.0.1,20,11,22,2026421121,300
L-SHADE-1.0.1,20,11,23,2026421122,300
L-SHADE-1.0.1,20,11,24,2026421123,300
L-SHADE-1.0.1,20,11,25,2026421124,300.00000000000045
L-SHADE-1.0.1,20,11,26,2026421125,300
L-SHADE-1.0.1,20,11,27,2026421126,300
L-SHADE-1.0.1,20,11,28,2026421127,300
L-SHADE-1.0.1,20,11,29,2026421128,300
L-SHADE-1.0.1,20,11,30,2026421129,300
L-SHADE-1.0.1,20,12,1,2026421200,231.95063763325925
L-SHADE-1.0.1,20,12,2,2026421201,234.665343567584
L-SHADE-1.0.1,20,12,3,2026421202,232.4577019655744
L-SHADE-1.0.1,20,12,4,2026421203,233.97430094618903
L-SHADE-1.0.1,20,12,5,2026421204,235.3038417086777
L-SHADE-1.0.1,20,12,6,2026421205,234.6658265894598
L-SHADE-1.0.1,20,12,7,2026421206,233.97430094618903
L-SHADE-1.0.1,20,12,8,2026421207,231.95063763325925
L-SHADE-1.0.1,20,12,9,2026421208,231.85780965729785
L-SHADE-1.0.1,20,12,10,2026421209,234.6658265894598
L-SHADE-1.0.1,20,12,11,2026421210,231.95063763325925
L-SHADE-1.0.1,20,12,12,2026421211,231.7372246644395
L-SHADE-1.0.1,20,12,13,2026421212,232.4577019655744
L-SHADE-1.0.1,20,12,14,2026421213,231.95063763325925
L-SHADE-1.0.1,20,12,15,2026421214,233.97430094618903
L-SHADE-1.0.1,20,12,16,2026421215,233.0514594275128
L-SHADE-1.0.1,20,12,17,2026421216,234.32413524834828
L-SHADE-1.0.1,20,12,18,2026421217,231.95063763325925
L-SHADE-1.0.1,20,12,19,2026421218,237.41594836089047
L-SHADE-1.0.1,20,12,20,2026421219,232.26031451679955
L-SHADE-1.0.1,20,12,21,2026421220,232.4577019655744
L-SHADE-1.0.1,20,12,22,2026421221,231.95063763325925
L-SHADE-1.0.1,20,12,23,2026421222,231.95063763325925
L-SHADE-1.0.1,20,12,24,2026421223,242.1145930282437
L-SHADE-1.0.1,20,12,25,2026421224,233.9839607382737
L-SHADE-1.0.1,20,12,26,2026421225,232.4577019655744
L-SHADE-1.0.1,20,12,27,2026421226,232.2603145168
L-SHADE-1.0.1,20,12,28,2026421227,231.95063763325925
L-SHADE-1.0.1,20,12,29,2026421228,231.95063763325925
L-SHADE-1.0.1,20,12,30,2026421229,233.12949681248028
L-SRTDE,10,1,1,2026320100,0
L-SRTDE,10,1,2,2026320101,0
L-SRTDE,10,1,3,2026320102,0
L-SRTDE,10,1,4,2026320103,0
L-SRTDE,10,1,5,2026320104,0
L-SRTDE,10,1,6,2026320105,0
L-SRTDE,10,1,7,2026320106,0
L-SRTDE,10,1,8,2026320107,0
L-SRTDE,10,1,9,2026320108,0
L-SRTDE,10,1,10,2026320109,0
L-SRTDE,10,1,11,2026320110,0
L-SRTDE,10,1,12,2026320111,0
L-SRTDE,10,1,13,2026320112,0
L-SRTDE,10,1,14,2026320113,0
L-SRTDE,10,1,15,2026320114,0
L-SRTDE,10,1,16,2026320115,0
L-SRTDE,10,1,17,2026320116,0
L-SRTDE,10,1,18,2026320117,0
L-SRTDE,10,1,19,2026320118,0
L-SRTDE,10,1,20,2026320119,0
L-SRTDE,10,1,21,2026320120,0
L-SRTDE,10,1,22,2026320121,0
L-SRTDE,10,1,23,2026320122,0
L-SRTDE,10,1,24,2026320123,0
L-SRTDE,10,1,25,2026320124,0
L-SRTDE,10,1,26,2026320125,0
L-SRTDE,10,1,27,2026320126,0
L-SRTDE,10,1,28,2026320127,0
L-SRTDE,10,1,29,2026320128,0
L-SRTDE,10,1,30,2026320129,0
L-SRTDE,10,2,1,2026320200,0
L-SRTDE,10,2,2,2026320201,3.986579112347159
L-SRTDE,10,2,3,2026320202,3.986579112347159
L-SRTDE,10,2,4,2026320203,0
L-SRTDE,10,2,5,2026320204,3.986579112347159
L-SRTDE,10,2,6,2026320205,0
L-SRTDE,10,2,7,2026320206,0
L-SRTDE,10,2,8,2026320207,0
L-SRTDE,10,2,9,2026320208,3.986579112347159
L-SRTDE,10,2,10,2026320209,3.986579112347159
L-SRTDE,10,2,11,2026320210,0
L-SRTDE,10,2,12,2026320211,8.916101927781312
L-SRTDE,10,2,13,2026320212,0
L-SRTDE,10,2,14,2026320213,3.986579112347159
L-SRTDE,10,2,15,2026320214,3.986579112347159
L-SRTDE,10,2,16,2026320215,0
L-SRTDE,10,2,17,2026320216,3.986579112347159
L-SRTDE,10,2,18,2026320217,3.986579112347159
L-SRTDE,10,2,19,2026320218,3.986579112347159
L-SRTDE,10,2,20,2026320219,0
L-SRTDE,10,2,21,2026320220,3.986579112347159
L-SRTDE,10,2,22,2026320221,0
L-SRTDE,10,2,23,2026320222,8.916101927781312
L-SRTDE,10,2,24,2026320223,0
L-SRTDE,10,2,25,2026320224,0
L-SRTDE,10,2,26,2026320225,8.916101927781312
L-SRTDE,10,2,27,2026320226,0
L-SRTDE,10,2,28,2026320227,0
L-SRTDE,10,2,29,2026320228,0
L-SRTDE,10,2,30,2026320229,8.916101927781312
L-SRTDE,10,3,1,2026320300,0
L-SRTDE,10,3,2,2026320301,0
L-SRTDE,10,3,3,2026320302,0
L-SRTDE,10,3,4,2026320303,0
L-SRTDE,10,3,5,2026320304,0
L-SRTDE,10,3,6,2026320305,0
L-SRTDE,10,3,7,2026320306,0
L-SRTDE,10,3,8,2026320307,0
L-SRTDE,10,3,9,2026320308,0
L-SRTDE,10,3,10,2026320309,0
L-SRTDE,10,3,11,2026320310,0
L-SRTDE,10,3,12,2026320311,0
L-SRTDE,10,3,13,2026320312,0
L-SRTDE,10,3,14,2026320313,0
L-SRTDE,10,3,15,2026320314,0
L-SRTDE,10,3,16,2026320315,0
L-SRTDE,10,3,17,2026320316,0
L-SRTDE,10,3,18,2026320317,0
L-SRTDE,10,3,19,2026320318,0
L-SRTDE,10,3,20,2026320319,0
L-SRTDE,10,3,21,2026320320,0
L-SRTDE,10,3,22,2026320321,0
L-SRTDE,10,3,23,2026320322,0
L-SRTDE,10,3,24,2026320323,0
L-SRTDE,10,3,25,2026320324,0
L-SRTDE,10,3,26,2026320325,0
L-SRTDE,10,3,27,2026320326,0
L-SRTDE,10,3,28,2026320327,0
L-SRTDE,10,3,29,2026320328,0
L-SRTDE,10,3,30,2026320329,0
L-SRTDE,10,4,1,2026320400,0.9949590570932968
L-SRTDE,10,4,2,2026320401,1.9899181141865936
L-SRTDE,10,4,3,2026320402,0
L-SRTDE,10,4,4,2026320403,0
L-SRTDE,10,4,5,2026320404,0
L-SRTDE,10,4,6,2026320405,0
L-SRTDE,10,4,7,2026320406,0
L-SRTDE,10,4,8,2026320407,0
L-SRTDE,10,4,9,2026320408,0
L-SRTDE,10,4,10,2026320409,0
L-SRTDE,10,4,11,2026320410,0
L-SRTDE,10,4,12,2026320411,0.9949590570932968
L-SRTDE,10,4,13,2026320412,0
L-SRTDE,10,4,14,2026320413,0
L-SRTDE,10,4,15,2026320414,0
L-SRTDE,10,4,16,2026320415,0
L-SRTDE,10,4,17,2026320416,0
L-SRTDE,10,4,18,2026320417,0
L-SRTDE,10,4,19,2026320418,1.9899181141865936
L-SRTDE,10,4,20,2026320419,0
L-SRTDE,10,4,21,2026320420,0
L-SRTDE,10,4,22,2026320421,0
L-SRTDE,10,4,23,2026320422,0.9949590570932968
L-SRTDE,10,4,24,2026320423,0.9949590570932968
L-SRTDE,10,4,25,2026320424,0
L-SRTDE,10,4,26,2026320425,0
L-SRTDE,10,4,27,2026320426,0.9949590570932968
L-SRTDE,10,4,28,2026320427,0.9949590570932968
L-SRTDE,10,4,29,2026320428,0
L-SRTDE,10,4,30,2026320429,0
L-SRTDE,10,5,1,2026320500,0
L-SRTDE,10,5,2,2026320501,0
L-SRTDE,10,5,3,2026320502,0
L-SRTDE,10,5,4,2026320503,0
L-SRTDE,10,5,5,2026320504,0
L-SRTDE,10,5,6,2026320505,0
L-SRTDE,10,5,7,2026320506,0
L-SRTDE,10,5,8,2026320507,0
L-SRTDE,10,5,9,2026320508,0
L-SRTDE,10,5,10,2026320509,0
L-SRTDE,10,5,11,2026320510,0
L-SRTDE,10,5,12,2026320511,0
L-SRTDE,10,5,13,2026320512,0
L-SRTDE,10,5,14,2026320513,0
L-SRTDE,10,5,15,2026320514,0
L-SRTDE,10,5,16,2026320515,0
L-SRTDE,10,5,17,2026320516,0
L-SRTDE,10,5,18,2026320517,0
L-SRTDE,10,5,19,2026320518,0
L-SRTDE,10,5,20,2026320519,0
L-SRTDE,10,5,21,2026320520,0
L-SRTDE,10,5,22,2026320521,0
L-SRTDE,10,5,23,2026320522,0
L-SRTDE,10,5,24,2026320523,0
L-SRTDE,10,5,25,2026320524,0
L-SRTDE,10,5,26,2026320525,0
L-SRTDE,10,5,27,2026320526,0
L-SRTDE,10,5,28,2026320527,0
L-SRTDE,10,5,29,2026320528,0
L-SRTDE,10,5,30,2026320529,0
L-SRTDE,10,6,1,2026320600,0.4978828155130941
L-SRTDE,10,6,2,2026320601,0.4998440865522298
L-SRTDE,10,6,3,2026320602,0.1893303665833628
L-SRTDE,10,6,4,2026320603,0.4952219894159952
L-SRTDE,10,6,5,2026320604,0.4958151728826578
L-SRTDE,10,6,6,2026320605,0.2965881712357259
L-SRTDE,10,6,7,2026320606,0.4963477048966069
L-SRTDE,10,6,8,2026320607,0.1764659906682482
L-SRTDE,10,6,9,2026320608,0.4993370010620311
L-SRTDE,10,6,10,2026320609,0.272185172707168
L-SRTDE,10,6,11,2026320610,0.4979340128486456
L-SRTDE,10,6,12,2026320611,0.1963125834379297
L-SRTDE,10,6,13,2026320612,0.3211215355413515
L-SRTDE,10,6,14,2026320613,0.2724288408560368
L-SRTDE,10,6,15,2026320614,0.4974977661775028
L-SRTDE,10,6,16,2026320615,0.2358369280666465
L-SRTDE,10,6,17,2026320616,0.4894404161345847
L-SRTDE,10,6,18,2026320617,0.0921286225907351
L-SRTDE,10,6,19,2026320618,0.4168296516547798
L-SRTDE,10,6,20,2026320619,0.0388246678730865
L-SRTDE,10,6,21,2026320620,0.4770627099931062
L-SRTDE,10,6,22,2026320621,0.4898094690906873
L-SRTDE,10,6,23,2026320622,0.4537522116784202
L-SRTDE,10,6,24,2026320623,0.4754453258331068
L-SRTDE,10,6,25,2026320624,0.4999978458060923
L-SRTDE,10,6,26,2026320625,0.1867351263192631
L-SRTDE,10,6,27,2026320626,0.4938840211248134
L-SRTDE,10,6,28,2026320627,0.2627415356473648
L-SRTDE,10,6,29,2026320628,0.0187995526171107
L-SRTDE,10,6,30,2026320629,0.4823728805679365
L-SRTDE,10,7,1,2026320700,0
L-SRTDE,10,7,2,2026320701,0.6240993205096856
L-SRTDE,10,7,3,2026320702,0
L-SRTDE,10,7,4,2026320703,0.6240993205096856
L-SRTDE,10,7,5,2026320704,0.6240993205096856
L-SRTDE,10,7,6,2026320705,0.6240993205096856
L-SRTDE,10,7,7,2026320706,0
L-SRTDE,10,7,8,2026320707,0
L-SRTDE,10,7,9,2026320708,0
L-SRTDE,10,7,10,2026320709,0.6240993205096856
L-SRTDE,10,7,11,2026320710,0.6240993205096856
L-SRTDE,10,7,12,2026320711,0
L-SRTDE,10,7,13,2026320712,0.6240993205096856
L-SRTDE,10,7,14,2026320713,0
L-SRTDE,10,7,15,2026320714,0
L-SRTDE,10,7,16,2026320715,0.9949590570934106
L-SRTDE,10,7,17,2026320716,0
L-SRTDE,10,7,18,2026320717,0
L-SRTDE,10,7,19,2026320718,0.6240993205096856
L-SRTDE,10,7,20,2026320719,0.6240993205096856
L-SRTDE,10,7,21,2026320720,0.6240993205096856
L-SRTDE,10,7,22,2026320721,0.6240993205096856
L-SRTDE,10,7,23,2026320722,0
L-SRTDE,10,7,24,2026320723,0.6240993205096856
L-SRTDE,10,7,25,2026320724,0.6240993205096856
L-SRTDE,10,7,26,2026320725,0.6240993205096856
L-SRTDE,10,7,27,2026320726,0
L-SRTDE,10,7,28,2026320727,0.6240993205096856
L-SRTDE,10,7,29,2026320728,0
L-SRTDE,10,7,30,2026320729,0
L-SRTDE,10,8,1,2026320800,20.244282505654155
L-SRTDE,10,8,2,2026320801,20.29287906591389
L-SRTDE,10,8,3,2026320802,20.295998727654023
L-SRTDE,10,8,4,2026320803,0.0340673397395221
L-SRTDE,10,8,5,2026320804,0.0039704370788058
L-SRTDE,10,8,6,2026320805,0.7616577286248685
L-SRTDE,10,8,7,2026320806,20.380768445661488
L-SRTDE,10,8,8,2026320807,0.1276114310885532
L-SRTDE,10,8,9,2026320808,0.7314394735503811
L-SRTDE,10,8,10,2026320809,0.1708923950291137
L-SRTDE,10,8,11,2026320810,0.0091671495133596
L-SRTDE,10,8,12,2026320811,0.1896295430656209
L-SRTDE,10,8,13,2026320812,0.1460494964330791
L-SRTDE,10,8,14,2026320813,20.253789266484542
L-SRTDE,10,8,15,2026320814,0.1218005300306686
L-SRTDE,10,8,16,2026320815,20.26137866091858
L-SRTDE,10,8,17,2026320816,0.0099438418083082
L-SRTDE,10,8,18,2026320817,0.1619402028527474
L-SRTDE,10,8,19,2026320818,0.7865364930953546
L-SRTDE,10,8,20,2026320819,0.1250113022961159
L-SRTDE,10,8,21,2026320820,19.87754610732918
L-SRTDE,10,8,22,2026320821,0.1764098083158387
L-SRTDE,10,8,23,2026320822,0.7485120043465939
L-SRTDE,10,8,24,2026320823,0.124550896493929
L-SRTDE,10,8,25,2026320824,20.679013913467767
L-SRTDE,10,8,26,2026320825,0.2801806052375468
L-SRTDE,10,8,27,2026320826,0.2207747124316484
L-SRTDE,10,8,28,2026320827,0.0720143247017404
L-SRTDE,10,8,29,2026320828,0.1801689436983906
L-SRTDE,10,8,30,2026320829,0.1234667007370262
L-SRTDE,10,9,1,2026320900,229.2843827084872
L-SRTDE,10,9,2,2026320901,229.2843827084872
L-SRTDE,10,9,3,2026320902,229.2843827084872
L-SRTDE,10,9,4,2026320903,229.2843827084872
L-SRTDE,10,9,5,2026320904,229.2843827084872
L-SRTDE,10,9,6,2026320905,229.2843827084872
L-SRTDE,10,9,7,2026320906,229.2843827084872
L-SRTDE,10,9,8,2026320907,229.2843827084872
L-SRTDE,10,9,9,2026320908,229.2843827084872
L-SRTDE,10,9,10,2026320909,229.2843827084872
L-SRTDE,10,9,11,2026320910,229.2843827084872
L-SRTDE,10,9,12,2026320911,229.2843827084872
L-SRTDE,10,9,13,2026320912,229.2843827084872
L-SRTDE,10,9,14,2026320913,229.2843827084872
L-SRTDE,10,9,15,2026320914,229.2843827084872
L-SRTDE,10,9,16,2026320915,229.2843827084872
L-SRTDE,10,9,17,2026320916,229.2843827084872
L-SRTDE,10,9,18,2026320917,229.2843827084872
L-SRTDE,10,9,19,2026320918,229.2843827084872
L-SRTDE,10,9,20,2026320919,229.2843827084872
L-SRTDE,10,9,21,2026320920,229.2843827084872
L-SRTDE,10,9,22,2026320921,229.2843827084872
L-SRTDE,10,9,23,2026320922,229.2843827084872
L-SRTDE,10,9,24,2026320923,229.2843827084872
L-SRTDE,10,9,25,2026320924,229.2843827084872
L-SRTDE,10,9,26,2026320925,229.2843827084872
L-SRTDE,10,9,27,2026320926,229.2843827084872
L-SRTDE,10,9,28,2026320927,229.2843827084872
L-SRTDE,10,9,29,2026320928,229.2843827084872
L-SRTDE,10,9,30,2026320929,229.2843827084872
L-SRTDE,10,10,1,2026321000,100.11970254980996
L-SRTDE,10,10,2,2026321001,100.19606532662874
L-SRTDE,10,10,3,2026321002,100.15945396433926
L-SRTDE,10,10,4,2026321003,100.16232454269402
L-SRTDE,10,10,5,2026321004,100.1659260623096
L-SRTDE,10,10,6,2026321005,100.15258894146652
L-SRTDE,10,10,7,2026321006,100.16385402418652
L-SRTDE,10,10,8,2026321007,100.17913339457436
L-SRTDE,10,10,9,2026321008,100.1442213969408
L-SRTDE,10,10,10,2026321009,100.20616093945682
PMJMO-X2f-frozen,10,1,1,2026320100,0
PMJMO-X2f-frozen,10,1,2,2026320101,0
PMJMO-X2f-frozen,10,1,3,2026320102,0
PMJMO-X2f-frozen,10,1,4,2026320103,0
PMJMO-X2f-frozen,10,1,5,2026320104,0
PMJMO-X2f-frozen,10,1,6,2026320105,0
PMJMO-X2f-frozen,10,1,7,2026320106,0
PMJMO-X2f-frozen,10,1,8,2026320107,0
PMJMO-X2f-frozen,10,1,9,2026320108,0
PMJMO-X2f-frozen,10,1,10,2026320109,0
PMJMO-X2f-frozen,10,1,11,2026320110,0
PMJMO-X2f-frozen,10,1,12,2026320111,0
PMJMO-X2f-frozen,10,1,13,2026320112,0
PMJMO-X2f-frozen,10,1,14,2026320113,0
PMJMO-X2f-frozen,10,1,15,2026320114,0
PMJMO-X2f-frozen,10,1,16,2026320115,0
PMJMO-X2f-frozen,10,1,17,2026320116,0
PMJMO-X2f-frozen,10,1,18,2026320117,0
PMJMO-X2f-frozen,10,1,19,2026320118,0
PMJMO-X2f-frozen,10,1,20,2026320119,0
PMJMO-X2f-frozen,10,1,21,2026320120,0
PMJMO-X2f-frozen,10,1,22,2026320121,0
PMJMO-X2f-frozen,10,1,23,2026320122,0
PMJMO-X2f-frozen,10,1,24,2026320123,0
PMJMO-X2f-frozen,10,1,25,2026320124,0
PMJMO-X2f-frozen,10,1,26,2026320125,0
PMJMO-X2f-frozen,10,1,27,2026320126,0
PMJMO-X2f-frozen,10,1,28,2026320127,0
PMJMO-X2f-frozen,10,1,29,2026320128,0
PMJMO-X2f-frozen,10,1,30,2026320129,0
PMJMO-X2f-frozen,10,2,1,2026320200,3.986579112347158
PMJMO-X2f-frozen,10,2,2,2026320201,3.986579112347158
PMJMO-X2f-frozen,10,2,3,2026320202,3.986579112347158
PMJMO-X2f-frozen,10,2,4,2026320203,0
PMJMO-X2f-frozen,10,2,5,2026320204,3.986579112347158
PMJMO-X2f-frozen,10,2,6,2026320205,8.916101927781312
PMJMO-X2f-frozen,10,2,7,2026320206,0
PMJMO-X2f-frozen,10,2,8,2026320207,3.986579112347158
PMJMO-X2f-frozen,10,2,9,2026320208,3.986579112347158
PMJMO-X2f-frozen,10,2,10,2026320209,3.986579112347158
PMJMO-X2f-frozen,10,2,11,2026320210,0
PMJMO-X2f-frozen,10,2,12,2026320211,0
PMJMO-X2f-frozen,10,2,13,2026320212,8.916101927781312
PMJMO-X2f-frozen,10,2,14,2026320213,3.986579112347158
PMJMO-X2f-frozen,10,2,15,2026320214,70.78108381405559
PMJMO-X2f-frozen,10,2,16,2026320215,0
PMJMO-X2f-frozen,10,2,17,2026320216,0
PMJMO-X2f-frozen,10,2,18,2026320217,0
PMJMO-X2f-frozen,10,2,19,2026320218,0
PMJMO-X2f-frozen,10,2,20,2026320219,8.916101927781312
PMJMO-X2f-frozen,10,2,21,2026320220,0
PMJMO-X2f-frozen,10,2,22,2026320221,0
PMJMO-X2f-frozen,10,2,23,2026320222,3.986579112347158
PMJMO-X2f-frozen,10,2,24,2026320223,0
PMJMO-X2f-frozen,10,2,25,2026320224,70.78108381405559
PMJMO-X2f-frozen,10,2,26,2026320225,8.916101927781312
PMJMO-X2f-frozen,10,2,27,2026320226,8.916101927781312
PMJMO-X2f-frozen,10,2,28,2026320227,8.916101927781312
PMJMO-X2f-frozen,10,2,29,2026320228,0
PMJMO-X2f-frozen,10,2,30,2026320229,8.916101927781312
PMJMO-X2f-frozen,10,3,1,2026320300,0
PMJMO-X2f-frozen,10,3,2,2026320301,0
PMJMO-X2f-frozen,10,3,3,2026320302,0
PMJMO-X2f-frozen,10,3,4,2026320303,0
PMJMO-X2f-frozen,10,3,5,2026320304,0
PMJMO-X2f-frozen,10,3,6,2026320305,0
PMJMO-X2f-frozen,10,3,7,2026320306,0
PMJMO-X2f-frozen,10,3,8,2026320307,0
PMJMO-X2f-frozen,10,3,9,2026320308,0
PMJMO-X2f-frozen,10,3,10,2026320309,0
PMJMO-X2f-frozen,10,3,11,2026320310,0
PMJMO-X2f-frozen,10,3,12,2026320311,0
PMJMO-X2f-frozen,10,3,13,2026320312,0
PMJMO-X2f-frozen,10,3,14,2026320313,0
PMJMO-X2f-frozen,10,3,15,2026320314,0
PMJMO-X2f-frozen,10,3,16,2026320315,0
PMJMO-X2f-frozen,10,3,17,2026320316,0
PMJMO-X2f-frozen,10,3,18,2026320317,0
PMJMO-X2f-frozen,10,3,19,2026320318,0
PMJMO-X2f-frozen,10,3,20,2026320319,0
PMJMO-X2f-frozen,10,3,21,2026320320,0
PMJMO-X2f-frozen,10,3,22,2026320321,0
PMJMO-X2f-frozen,10,3,23,2026320322,0
PMJMO-X2f-frozen,10,3,24,2026320323,0
PMJMO-X2f-frozen,10,3,25,2026320324,0
PMJMO-X2f-frozen,10,3,26,2026320325,0
PMJMO-X2f-frozen,10,3,27,2026320326,0
PMJMO-X2f-frozen,10,3,28,2026320327,0
PMJMO-X2f-frozen,10,3,29,2026320328,0
PMJMO-X2f-frozen,10,3,30,2026320329,0
PMJMO-X2f-frozen,10,4,1,2026320400,2.9848771712798907
PMJMO-X2f-frozen,10,4,2,2026320401,5.969823089928013
PMJMO-X2f-frozen,10,4,3,2026320402,4.974816317828754
PMJMO-X2f-frozen,10,4,4,2026320403,4.974881955558203
PMJMO-X2f-frozen,10,4,5,2026320404,4.9747952854664845
PMJMO-X2f-frozen,10,4,6,2026320405,5.969754342559781
PMJMO-X2f-frozen,10,4,7,2026320406,8.954626476020621
PMJMO-X2f-frozen,10,4,8,2026320407,2.9848771712798907
PMJMO-X2f-frozen,10,4,9,2026320408,7.959667418927324
PMJMO-X2f-frozen,10,4,10,2026320409,2.984928088518245
PMJMO-X2f-frozen,10,4,11,2026320410,5.969754342559781
PMJMO-X2f-frozen,10,4,12,2026320411,4.9747952854664845
PMJMO-X2f-frozen,10,4,13,2026320412,2.9848771712798907
PMJMO-X2f-frozen,10,4,14,2026320413,3.9798362283731876
PMJMO-X2f-frozen,10,4,15,2026320414,6.9647083618340275
PMJMO-X2f-frozen,10,4,16,2026320415,4.9747952854664845
PMJMO-X2f-frozen,10,4,17,2026320416,2.984895866479633
PMJMO-X2f-frozen,10,4,18,2026320417,2.984877171281596
PMJMO-X2f-frozen,10,4,19,2026320418,3.9798362283731876
PMJMO-X2f-frozen,10,4,20,2026320419,2.984877341524907
PMJMO-X2f-frozen,10,4,21,2026320420,4.9747952854664845
PMJMO-X2f-frozen,10,4,22,2026320421,4.9747952854664845
PMJMO-X2f-frozen,10,4,23,2026320422,2.9848771712798907
PMJMO-X2f-frozen,10,4,24,2026320423,4.9747952854664845
PMJMO-X2f-frozen,10,4,25,2026320424,4.9747952854664845
PMJMO-X2f-frozen,10,4,26,2026320425,2.9848771712798907
PMJMO-X2f-frozen,10,4,27,2026320426,7.95968862349946
PMJMO-X2f-frozen,10,4,28,2026320427,1.9899701135254872
PMJMO-X2f-frozen,10,4,29,2026320428,2.984902732964315
PMJMO-X2f-frozen,10,4,30,2026320429,4.9747952854664845
PMJMO-X2f-frozen,10,5,1,2026320500,0
PMJMO-X2f-frozen,10,5,2,2026320501,0
PMJMO-X2f-frozen,10,5,3,2026320502,0
PMJMO-X2f-frozen,10,5,4,2026320503,0
PMJMO-X2f-frozen,10,5,5,2026320504,0
PMJMO-X2f-frozen,10,5,6,2026320505,0
PMJMO-X2f-frozen,10,5,7,2026320506,0
PMJMO-X2f-frozen,10,5,8,2026320507,0
PMJMO-X2f-frozen,10,5,9,2026320508,0
PMJMO-X2f-frozen,10,5,10,2026320509,0
PMJMO-X2f-frozen,10,5,11,2026320510,0
PMJMO-X2f-frozen,10,5,12,2026320511,0
PMJMO-X2f-frozen,10,5,13,2026320512,0
PMJMO-X2f-frozen,10,5,14,2026320513,0
PMJMO-X2f-frozen,10,5,15,2026320514,0
PMJMO-X2f-frozen,10,5,16,2026320515,0
PMJMO-X2f-frozen,10,5,17,2026320516,0
PMJMO-X2f-frozen,10,5,18,2026320517,0
PMJMO-X2f-frozen,10,5,19,2026320518,0
PMJMO-X2f-frozen,10,5,20,2026320519,0
PMJMO-X2f-frozen,10,5,21,2026320520,0
PMJMO-X2f-frozen,10,5,22,2026320521,0
PMJMO-X2f-frozen,10,5,23,2026320522,0
PMJMO-X2f-frozen,10,5,24,2026320523,0
PMJMO-X2f-frozen,10,5,25,2026320524,0
PMJMO-X2f-frozen,10,5,26,2026320525,0
PMJMO-X2f-frozen,10,5,27,2026320526,0
PMJMO-X2f-frozen,10,5,28,2026320527,0
PMJMO-X2f-frozen,10,5,29,2026320528,0
PMJMO-X2f-frozen,10,5,30,2026320529,0
PMJMO-X2f-frozen,10,6,1,2026320600,5.082199921745769
PMJMO-X2f-frozen,10,6,2,2026320601,0.24331308942987562
PMJMO-X2f-frozen,10,6,3,2026320602,0.7928659651136059
PMJMO-X2f-frozen,10,6,4,2026320603,1.018298625518355
PMJMO-X2f-frozen,10,6,5,2026320604,20.22506770271343
PMJMO-X2f-frozen,10,6,6,2026320605,1.4541562144177078
PMJMO-X2f-frozen,10,6,7,2026320606,10.073022044985464
PMJMO-X2f-frozen,10,6,8,2026320607,17.03587363050633
PMJMO-X2f-frozen,10,6,9,2026320608,0.4423207107845428
PMJMO-X2f-frozen,10,6,10,2026320609,1.1678751979536628
PMJMO-X2f-frozen,10,6,11,2026320610,1.178994550377638
PMJMO-X2f-frozen,10,6,12,2026320611,5.029241932581726
PMJMO-X2f-frozen,10,6,13,2026320612,1.0954118714107608
PMJMO-X2f-frozen,10,6,14,2026320613,0.19042656927513235
PMJMO-X2f-frozen,10,6,15,2026320614,0.40728200691000893
PMJMO-X2f-frozen,10,6,16,2026320615,0.07476189020508173
PMJMO-X2f-frozen,10,6,17,2026320616,0.17988366776921794
PMJMO-X2f-frozen,10,6,18,2026320617,2.230041582361082
PMJMO-X2f-frozen,10,6,19,2026320618,9.198563759910712
PMJMO-X2f-frozen,10,6,20,2026320619,5.205003487895965
PMJMO-X2f-frozen,10,6,21,2026320620,4.233926327716972
PMJMO-X2f-frozen,10,6,22,2026320621,1.1787214040357412
PMJMO-X2f-frozen,10,6,23,2026320622,0.4996176230317815
PMJMO-X2f-frozen,10,6,24,2026320623,1.2880717845309846
PMJMO-X2f-frozen,10,6,25,2026320624,4.451907969812282
PMJMO-X2f-frozen,10,6,26,2026320625,0.0892540873442158
PMJMO-X2f-frozen,10,6,27,2026320626,2.0592969423510112
PMJMO-X2f-frozen,10,6,28,2026320627,4.171008412527499
PMJMO-X2f-frozen,10,6,29,2026320628,1.4572499664602674
PMJMO-X2f-frozen,10,6,30,2026320629,1.4658704448611388
PMJMO-X2f-frozen,10,7,1,2026320700,0
PMJMO-X2f-frozen,10,7,2,2026320701,0
PMJMO-X2f-frozen,10,7,3,2026320702,0
PMJMO-X2f-frozen,10,7,4,2026320703,0
PMJMO-X2f-frozen,10,7,5,2026320704,0
PMJMO-X2f-frozen,10,7,6,2026320705,0
PMJMO-X2f-frozen,10,7,7,2026320706,0
PMJMO-X2f-frozen,10,7,8,2026320707,0
PMJMO-X2f-frozen,10,7,9,2026320708,0
PMJMO-X2f-frozen,10,7,10,2026320709,0
PMJMO-X2f-frozen,10,7,11,2026320710,0
PMJMO-X2f-frozen,10,7,12,2026320711,0
PMJMO-X2f-frozen,10,7,13,2026320712,0
PMJMO-X2f-frozen,10,7,14,2026320713,0
PMJMO-X2f-frozen,10,7,15,2026320714,0
PMJMO-X2f-frozen,10,7,16,2026320715,0
PMJMO-X2f-frozen,10,7,17,2026320716,20.00210941378532
PMJMO-X2f-frozen,10,7,18,2026320717,0
PMJMO-X2f-frozen,10,7,19,2026320718,0
PMJMO-X2f-frozen,10,7,20,2026320719,0
PMJMO-X2f-frozen,10,7,21,2026320720,0
PMJMO-X2f-frozen,10,7,22,2026320721,0
PMJMO-X2f-frozen,10,7,23,2026320722,0
PMJMO-X2f-frozen,10,7,24,2026320723,0
PMJMO-X2f-frozen,10,7,25,2026320724,0
PMJMO-X2f-frozen,10,7,26,2026320725,0
PMJMO-X2f-frozen,10,7,27,2026320726,0
PMJMO-X2f-frozen,10,7,28,2026320727,0
PMJMO-X2f-frozen,10,7,29,2026320728,0
PMJMO-X2f-frozen,10,7,30,2026320729,0
PMJMO-X2f-frozen,10,8,1,2026320800,20.049207130879495
PMJMO-X2f-frozen,10,8,2,2026320801,20.095110451161418
PMJMO-X2f-frozen,10,8,3,2026320802,20.043496658798176
PMJMO-X2f-frozen,10,8,4,2026320803,0.05772308635596346
PMJMO-X2f-frozen,10,8,5,2026320804,0.6697816231508114
PMJMO-X2f-frozen,10,8,6,2026320805,0.7260275801686475
PMJMO-X2f-frozen,10,8,7,2026320806,0.6291541306723047
PMJMO-X2f-frozen,10,8,8,2026320807,0.0037819227040927217
PMJMO-X2f-frozen,10,8,9,2026320808,20.041150301482503
PMJMO-X2f-frozen,10,8,10,2026320809,20.02803423464411
PMJMO-X2f-frozen,10,8,11,2026320810,0.09926705632460653
PMJMO-X2f-frozen,10,8,12,2026320811,0.6659170241450738
PMJMO-X2f-frozen,10,8,13,2026320812,0.6241144380346668
PMJMO-X2f-frozen,10,8,14,2026320813,0.10638116580958012
PMJMO-X2f-frozen,10,8,15,2026320814,0.013557649172980746
PMJMO-X2f-frozen,10,8,16,2026320815,20.036366741297115
PMJMO-X2f-frozen,10,8,17,2026320816,0.6410138668015861
PMJMO-X2f-frozen,10,8,18,2026320817,0.6539953928199793
PMJMO-X2f-frozen,10,8,19,2026320818,0.07450005141254223
PMJMO-X2f-frozen,10,8,20,2026320819,20.011473302144623
PMJMO-X2f-frozen,10,8,21,2026320820,0.05577552815884701
PMJMO-X2f-frozen,10,8,22,2026320821,0.010327831710583268
PMJMO-X2f-frozen,10,8,23,2026320822,0.00254222992589348
PMJMO-X2f-frozen,10,8,24,2026320823,20.06130310944809
PMJMO-X2f-frozen,10,8,25,2026320824,0.6404374100079622
PMJMO-X2f-frozen,10,8,26,2026320825,0.6537471826641195
PMJMO-X2f-frozen,10,8,27,2026320826,0.6656550189773043
PMJMO-X2f-frozen,10,8,28,2026320827,0.0008014438385544054
PMJMO-X2f-frozen,10,8,29,2026320828,0.08392372964817696
PMJMO-X2f-frozen,10,8,30,2026320829,20.00013026573197
PMJMO-X2f-frozen,10,9,1,2026320900,229.2843827084871
PMJMO-X2f-frozen,10,9,2,2026320901,229.2843827084871
PMJMO-X2f-frozen,10,9,3,2026320902,229.2843827084871
PMJMO-X2f-frozen,10,9,4,2026320903,229.2843827084871
PMJMO-X2f-frozen,10,9,5,2026320904,229.2843827084871
PMJMO-X2f-frozen,10,9,6,2026320905,229.2843827084871
PMJMO-X2f-frozen,10,9,7,2026320906,229.2843827084871
PMJMO-X2f-frozen,10,9,8,2026320907,229.2843827084871
PMJMO-X2f-frozen,10,9,9,2026320908,229.2843827084871
PMJMO-X2f-frozen,10,9,10,2026320909,229.2843827084871
PMJMO-X2f-frozen,10,9,11,2026320910,229.2843827084871
PMJMO-X2f-frozen,10,9,12,2026320911,229.2843827084871
PMJMO-X2f-frozen,10,9,13,2026320912,376.21633091510057
PMJMO-X2f-frozen,10,9,14,2026320913,229.2843827084871
PMJMO-X2f-frozen,10,9,15,2026320914,229.2843827084871
PMJMO-X2f-frozen,10,9,16,2026320915,229.2843827084871
PMJMO-X2f-frozen,10,9,17,2026320916,229.2843827084871
PMJMO-X2f-frozen,10,9,18,2026320917,229.2843827084871
PMJMO-X2f-frozen,10,9,19,2026320918,229.2843827084871
PMJMO-X2f-frozen,10,9,20,2026320919,229.2843827084871
PMJMO-X2f-frozen,10,9,21,2026320920,229.2843827084871
PMJMO-X2f-frozen,10,9,22,2026320921,229.2843827084871
PMJMO-X2f-frozen,10,9,23,2026320922,229.2843827084871
PMJMO-X2f-frozen,10,9,24,2026320923,229.2843827084871
PMJMO-X2f-frozen,10,9,25,2026320924,229.2843827084871
PMJMO-X2f-frozen,10,9,26,2026320925,229.2843827084871
PMJMO-X2f-frozen,10,9,27,2026320926,229.2843827084871
PMJMO-X2f-frozen,10,9,28,2026320927,229.2843827084871
PMJMO-X2f-frozen,10,9,29,2026320928,229.2843827084871
PMJMO-X2f-frozen,10,9,30,2026320929,229.2843827084871
PMJMO-X2f-frozen,10,10,1,2026321000,100.26734186369231
PMJMO-X2f-frozen,10,10,2,2026321001,100.29867531113678
PMJMO-X2f-frozen,10,10,3,2026321002,203.72370874054513
PMJMO-X2f-frozen,10,10,4,2026321003,206.39007605997085
PMJMO-X2f-frozen,10,10,5,2026321004,100.27698289413183
PMJMO-X2f-frozen,10,10,6,2026321005,204.160722262749
PMJMO-X2f-frozen,10,10,7,2026321006,100.21061349735965
PMJMO-X2f-frozen,10,10,8,2026321007,100.27411886254094
PMJMO-X2f-frozen,10,10,9,2026321008,100.37471814220817
PMJMO-X2f-frozen,10,10,10,2026321009,100.21518311064074
PMJMO-X2f-frozen,10,10,11,2026321010,100.32135725054604
PMJMO-X2f-frozen,10,10,12,2026321011,100.29326773371668
PMJMO-X2f-frozen,10,10,13,2026321012,206.75839524162257
PMJMO-X2f-frozen,10,10,14,2026321013,204.8797973331716
PMJMO-X2f-frozen,10,10,15,2026321014,206.69548384547352
PMJMO-X2f-frozen,10,10,16,2026321015,100.31506091757001
PMJMO-X2f-frozen,10,10,17,2026321016,100.32783056939616
PMJMO-X2f-frozen,10,10,18,2026321017,100.30150823746317
PMJMO-X2f-frozen,10,10,19,2026321018,100.28424670418781
PMJMO-X2f-frozen,10,10,20,2026321019,100.34610720184355
PMJMO-X2f-frozen,10,10,21,2026321020,205.1217368745638
PMJMO-X2f-frozen,10,10,22,2026321021,100.24065127341373
PMJMO-X2f-frozen,10,10,23,2026321022,100.28362968990132
PMJMO-X2f-frozen,10,10,24,2026321023,100.20512973648601
PMJMO-X2f-frozen,10,10,25,2026321024,100.2502034121012
PMJMO-X2f-frozen,10,10,26,2026321025,100.29015586471496
PMJMO-X2f-frozen,10,10,27,2026321026,100.2342113477821
PMJMO-X2f-frozen,10,10,28,2026321027,204.0524501452105
PMJMO-X2f-frozen,10,10,29,2026321028,100.26154641534686
PMJMO-X2f-frozen,10,10,30,2026321029,205.80449500647774
PMJMO-X2f-frozen,10,11,1,2026321100,0
PMJMO-X2f-frozen,10,11,2,2026321101,0
PMJMO-X2f-frozen,10,11,3,2026321102,0
PMJMO-X2f-frozen,10,11,4,2026321103,0
PMJMO-X2f-frozen,10,11,5,2026321104,0
PMJMO-X2f-frozen,10,11,6,2026321105,0
PMJMO-X2f-frozen,10,11,7,2026321106,0
PMJMO-X2f-frozen,10,11,8,2026321107,400
PMJMO-X2f-frozen,10,11,9,2026321108,0
PMJMO-X2f-frozen,10,11,10,2026321109,0
PMJMO-X2f-frozen,10,11,11,2026321110,0
PMJMO-X2f-frozen,10,11,12,2026321111,0
PMJMO-X2f-frozen,10,11,13,2026321112,0
PMJMO-X2f-frozen,10,11,14,2026321113,0
PMJMO-X2f-frozen,10,11,15,2026321114,0
PMJMO-X2f-frozen,10,11,16,2026321115,0
PMJMO-X2f-frozen,10,11,17,2026321116,150.42716380958927
PMJMO-X2f-frozen,10,11,18,2026321117,0
PMJMO-X2f-frozen,10,11,19,2026321118,0
PMJMO-X2f-frozen,10,11,20,2026321119,0
PMJMO-X2f-frozen,10,11,21,2026321120,150.42716380958882
PMJMO-X2f-frozen,10,11,22,2026321121,0
PMJMO-X2f-frozen,10,11,23,2026321122,300
PMJMO-X2f-frozen,10,11,24,2026321123,0
PMJMO-X2f-frozen,10,11,25,2026321124,0
PMJMO-X2f-frozen,10,11,26,2026321125,0
PMJMO-X2f-frozen,10,11,27,2026321126,0
PMJMO-X2f-frozen,10,11,28,2026321127,0
PMJMO-X2f-frozen,10,11,29,2026321128,0
PMJMO-X2f-frozen,10,11,30,2026321129,0
PMJMO-X2f-frozen,10,12,1,2026321200,164.93100790290737
PMJMO-X2f-frozen,10,12,2,2026321201,165.21260559766142
PMJMO-X2f-frozen,10,12,3,2026321202,164.93100790290737
PMJMO-X2f-frozen,10,12,4,2026321203,162.70013053532875
PMJMO-X2f-frozen,10,12,5,2026321204,165.84588627153425
PMJMO-X2f-frozen,10,12,6,2026321205,163.8777099646395
PMJMO-X2f-frozen,10,12,7,2026321206,164.93100790290737
PMJMO-X2f-frozen,10,12,8,2026321207,164.93100790290737
PMJMO-X2f-frozen,10,12,9,2026321208,163.92451213428922
PMJMO-X2f-frozen,10,12,10,2026321209,164.92194156800042
PMJMO-X2f-frozen,10,12,11,2026321210,164.9310079029069
PMJMO-X2f-frozen,10,12,12,2026321211,162.70013053532875
PMJMO-X2f-frozen,10,12,13,2026321212,164.92194156800042
PMJMO-X2f-frozen,10,12,14,2026321213,164.93100790290737
PMJMO-X2f-frozen,10,12,15,2026321214,161.4352676774106
PMJMO-X2f-frozen,10,12,16,2026321215,161.4352676774106
PMJMO-X2f-frozen,10,12,17,2026321216,164.84925752013396
PMJMO-X2f-frozen,10,12,18,2026321217,161.4352676774106
PMJMO-X2f-frozen,10,12,19,2026321218,164.264926067347
PMJMO-X2f-frozen,10,12,20,2026321219,165.21260559766142
PMJMO-X2f-frozen,10,12,21,2026321220,162.56737635795616
PMJMO-X2f-frozen,10,12,22,2026321221,164.9310079029069
PMJMO-X2f-frozen,10,12,23,2026321222,164.93100790290737
PMJMO-X2f-frozen,10,12,24,2026321223,163.71484954932885
PMJMO-X2f-frozen,10,12,25,2026321224,164.92194156800042
PMJMO-X2f-frozen,10,12,26,2026321225,162.70013053532875
PMJMO-X2f-frozen,10,12,27,2026321226,161.4352676774106
PMJMO-X2f-frozen,10,12,28,2026321227,161.4352676774106
PMJMO-X2f-frozen,10,12,29,2026321228,164.54248247277292
PMJMO-X2f-frozen,10,12,30,2026321229,163.49483520288004
PMJMO-X2f-frozen,20,1,1,2026420100,0
PMJMO-X2f-frozen,20,1,2,2026420101,0
PMJMO-X2f-frozen,20,1,3,2026420102,0
PMJMO-X2f-frozen,20,1,4,2026420103,0
PMJMO-X2f-frozen,20,1,5,2026420104,0
PMJMO-X2f-frozen,20,1,6,2026420105,0
PMJMO-X2f-frozen,20,1,7,2026420106,0
PMJMO-X2f-frozen,20,1,8,2026420107,0
PMJMO-X2f-frozen,20,1,9,2026420108,0
PMJMO-X2f-frozen,20,1,10,2026420109,0
PMJMO-X2f-frozen,20,1,11,2026420110,0
PMJMO-X2f-frozen,20,1,12,2026420111,0
PMJMO-X2f-frozen,20,1,13,2026420112,0
PMJMO-X2f-frozen,20,1,14,2026420113,0
PMJMO-X2f-frozen,20,1,15,2026420114,0
PMJMO-X2f-frozen,20,1,16,2026420115,0
PMJMO-X2f-frozen,20,1,17,2026420116,0
PMJMO-X2f-frozen,20,1,18,2026420117,0
PMJMO-X2f-frozen,20,1,19,2026420118,0
PMJMO-X2f-frozen,20,1,20,2026420119,0
PMJMO-X2f-frozen,20,1,21,2026420120,0
PMJMO-X2f-frozen,20,1,22,2026420121,0
PMJMO-X2f-frozen,20,1,23,2026420122,0
PMJMO-X2f-frozen,20,1,24,2026420123,0
PMJMO-X2f-frozen,20,1,25,2026420124,0
PMJMO-X2f-frozen,20,1,26,2026420125,0
PMJMO-X2f-frozen,20,1,27,2026420126,0
PMJMO-X2f-frozen,20,1,28,2026420127,0
PMJMO-X2f-frozen,20,1,29,2026420128,0
PMJMO-X2f-frozen,20,1,30,2026420129,0
PMJMO-X2f-frozen,20,2,1,2026420200,49.08447897948116
PMJMO-X2f-frozen,20,2,2,2026420201,49.08447897948116
PMJMO-X2f-frozen,20,2,3,2026420202,49.08447897948122
PMJMO-X2f-frozen,20,2,4,2026420203,49.08447897948116
PMJMO-X2f-frozen,20,2,5,2026420204,49.08447897948116
PMJMO-X2f-frozen,20,2,6,2026420205,49.08447897948116
PMJMO-X2f-frozen,20,2,7,2026420206,49.08447897948122
PMJMO-X2f-frozen,20,2,8,2026420207,49.08447897948116
PMJMO-X2f-frozen,20,2,9,2026420208,0
PMJMO-X2f-frozen,20,2,10,2026420209,49.08447897948116
PMJMO-X2f-frozen,20,2,11,2026420210,49.08447897948116
PMJMO-X2f-frozen,20,2,12,2026420211,49.08447897948122
PMJMO-X2f-frozen,20,2,13,2026420212,49.08447897948116
PMJMO-X2f-frozen,20,2,14,2026420213,49.08447897948116
PMJMO-X2f-frozen,20,2,15,2026420214,0
PMJMO-X2f-frozen,20,2,16,2026420215,4.03026015813731
PMJMO-X2f-frozen,20,2,17,2026420216,49.08447897948122
PMJMO-X2f-frozen,20,2,18,2026420217,49.08447897948122
PMJMO-X2f-frozen,20,2,19,2026420218,0
PMJMO-X2f-frozen,20,2,20,2026420219,0
PMJMO-X2f-frozen,20,2,21,2026420220,49.08447897948116
PMJMO-X2f-frozen,20,2,22,2026420221,49.08447897948116
PMJMO-X2f-frozen,20,2,23,2026420222,49.08447897948116
PMJMO-X2f-frozen,20,2,24,2026420223,49.08447897948116
PMJMO-X2f-frozen,20,2,25,2026420224,0
PMJMO-X2f-frozen,20,2,26,2026420225,0
PMJMO-X2f-frozen,20,2,27,2026420226,44.89546931745127
PMJMO-X2f-frozen,20,2,28,2026420227,49.08447897948122
PMJMO-X2f-frozen,20,2,29,2026420228,49.08447897948116
PMJMO-X2f-frozen,20,2,30,2026420229,0
PMJMO-X2f-frozen,20,3,1,2026420300,0
PMJMO-X2f-frozen,20,3,2,2026420301,0
PMJMO-X2f-frozen,20,3,3,2026420302,0.00008255312684468663
PMJMO-X2f-frozen,20,3,4,2026420303,0
PMJMO-X2f-frozen,20,3,5,2026420304,0
PMJMO-X2f-frozen,20,3,6,2026420305,0.00002811238857702847
PMJMO-X2f-frozen,20,3,7,2026420306,0.000012752538395943702
PMJMO-X2f-frozen,20,3,8,2026420307,0.0006382076792306179
PMJMO-X2f-frozen,20,3,9,2026420308,0.000014935455624254246
PMJMO-X2f-frozen,20,3,10,2026420309,0
PMJMO-X2f-frozen,20,3,11,2026420310,0
PMJMO-X2f-frozen,20,3,12,2026420311,0
PMJMO-X2f-frozen,20,3,13,2026420312,0
PMJMO-X2f-frozen,20,3,14,2026420313,0.00000127548457840021
PMJMO-X2f-frozen,20,3,15,2026420314,0
PMJMO-X2f-frozen,20,3,16,2026420315,0
PMJMO-X2f-frozen,20,3,17,2026420316,0.000002542846459618886
PMJMO-X2f-frozen,20,3,18,2026420317,0.0000059616741054924205
PMJMO-X2f-frozen,20,3,19,2026420318,0
PMJMO-X2f-frozen,20,3,20,2026420319,0
PMJMO-X2f-frozen,20,3,21,2026420320,0.0000046625932554889005
PMJMO-X2f-frozen,20,3,22,2026420321,3.1888623652776005e-7
PMJMO-X2f-frozen,20,3,23,2026420322,0.00000390612740375218
PMJMO-X2f-frozen,20,3,24,2026420323,3.1888623652776005e-7
PMJMO-X2f-frozen,20,3,25,2026420324,3.1888623652776005e-7
PMJMO-X2f-frozen,20,3,26,2026420325,0
PMJMO-X2f-frozen,20,3,27,2026420326,0
PMJMO-X2f-frozen,20,3,28,2026420327,0
PMJMO-X2f-frozen,20,3,29,2026420328,3.1888623652776005e-7
PMJMO-X2f-frozen,20,3,30,2026420329,7.174827487688162e-7
PMJMO-X2f-frozen,20,4,1,2026420400,10.944544590207215
PMJMO-X2f-frozen,20,4,2,2026420401,13.929421761487106
PMJMO-X2f-frozen,20,4,3,2026420402,14.924381917607434
PMJMO-X2f-frozen,20,4,4,2026420403,10.94454962802638
PMJMO-X2f-frozen,20,4,5,2026420404,14.924386042756964
PMJMO-X2f-frozen,20,4,6,2026420405,16.914318768262774
PMJMO-X2f-frozen,20,4,7,2026420406,14.924390024111972
PMJMO-X2f-frozen,20,4,8,2026420407,16.914293894947832
PMJMO-X2f-frozen,20,4,9,2026420408,19.899171067571274
PMJMO-X2f-frozen,20,4,10,2026420409,11.939507131153391
PMJMO-X2f-frozen,20,4,11,2026420410,10.944544590207443
PMJMO-X2f-frozen,20,4,12,2026420411,7.959677115986892
PMJMO-X2f-frozen,20,4,13,2026420412,11.939508685119563
PMJMO-X2f-frozen,20,4,14,2026420413,15.919334837854535
PMJMO-X2f-frozen,20,4,15,2026420414,11.939503647300626
PMJMO-X2f-frozen,20,4,16,2026420415,15.919338611151147
PMJMO-X2f-frozen,20,4,17,2026420416,11.939517491067477
PMJMO-X2f-frozen,20,4,18,2026420417,10.94456192563905
PMJMO-X2f-frozen,20,4,19,2026420418,12.934484801086114
PMJMO-X2f-frozen,20,4,20,2026420419,14.924389313883125
PMJMO-X2f-frozen,20,4,21,2026420420,17.909252952041243
PMJMO-X2f-frozen,20,4,22,2026420421,12.9344677422132
PMJMO-X2f-frozen,20,4,23,2026420422,7.959672456746375
PMJMO-X2f-frozen,20,4,24,2026420423,22.88405750639265
PMJMO-X2f-frozen,20,4,25,2026420424,18.90423842262635
PMJMO-X2f-frozen,20,4,26,2026420425,19.89917106622795
PMJMO-X2f-frozen,20,4,27,2026420426,18.90421762662413
PMJMO-X2f-frozen,20,4,28,2026420427,10.944556217948957
PMJMO-X2f-frozen,20,4,29,2026420428,11.939513192375216
PMJMO-X2f-frozen,20,4,30,2026420429,17.909258632695014
PMJMO-X2f-frozen,20,5,1,2026420500,0.9086480371815924
PMJMO-X2f-frozen,20,5,2,2026420501,0
PMJMO-X2f-frozen,20,5,3,2026420502,2.061416133591365
PMJMO-X2f-frozen,20,5,4,2026420503,0.5438522690072887
PMJMO-X2f-frozen,20,5,5,2026420504,0.4543240185907962
PMJMO-X2f-frozen,20,5,6,2026420505,0.72290876984016
PMJMO-X2f-frozen,20,5,7,2026420506,0.72290876984016
PMJMO-X2f-frozen,20,5,8,2026420507,0.9981762875980849
PMJMO-X2f-frozen,20,5,9,2026420508,0.5438522690072887
PMJMO-X2f-frozen,20,5,10,2026420509,0.26858475124936376
PMJMO-X2f-frozen,20,5,11,2026420510,2.1820706866237742
PMJMO-X2f-frozen,20,5,12,2026420511,0.08952825041649248
PMJMO-X2f-frozen,20,5,13,2026420512,0.4543240185909099
PMJMO-X2f-frozen,20,5,14,2026420513,2.996968088223184
PMJMO-X2f-frozen,20,5,15,2026420514,0
PMJMO-X2f-frozen,20,5,16,2026420515,1.452500306188881
PMJMO-X2f-frozen,20,5,17,2026420516,0.4543240185909099
PMJMO-X2f-frozen,20,5,18,2026420517,1.906803168865963
PMJMO-X2f-frozen,20,5,19,2026420518,0.4543240185907962
PMJMO-X2f-frozen,20,5,20,2026420519,0.17905650083287128
PMJMO-X2f-frozen,20,5,21,2026420520,0.4543240185907962
PMJMO-X2f-frozen,20,5,22,2026420521,0.08952825041649248
PMJMO-X2f-frozen,20,5,23,2026420522,27.28702799708833
PMJMO-X2f-frozen,20,5,24,2026420523,1.0877045380144637
PMJMO-X2f-frozen,20,5,25,2026420524,0.08952825041649248
PMJMO-X2f-frozen,20,5,26,2026420525,0.08952825041649248
PMJMO-X2f-frozen,20,5,27,2026420526,0.17905650083287128
PMJMO-X2f-frozen,20,5,28,2026420527,0.5438522690072887
PMJMO-X2f-frozen,20,5,29,2026420528,0
PMJMO-X2f-frozen,20,5,30,2026420529,0.5438522690072887
PMJMO-X2f-frozen,20,6,1,2026420600,110.62727088959582
PMJMO-X2f-frozen,20,6,2,2026420601,70.10507711483388
PMJMO-X2f-frozen,20,6,3,2026420602,4.3247238898302385
PMJMO-X2f-frozen,20,6,4,2026420603,55.842266887081905
PMJMO-X2f-frozen,20,6,5,2026420604,24.971236858583097
PMJMO-X2f-frozen,20,6,6,2026420605,74.6265514935751
PMJMO-X2f-frozen,20,6,7,2026420606,74.65724946409955
PMJMO-X2f-frozen,20,6,8,2026420607,207.3662676080453
PMJMO-X2f-frozen,20,6,9,2026420608,85.97927304236464
PMJMO-X2f-frozen,20,6,10,2026420609,58.58300074662202
PMJMO-X2f-frozen,20,6,11,2026420610,104.14651432232358
PMJMO-X2f-frozen,20,6,12,2026420611,131.00319732343814
PMJMO-X2f-frozen,20,6,13,2026420612,27.307697721743807
PMJMO-X2f-frozen,20,6,14,2026420613,57.74432640495411
PMJMO-X2f-frozen,20,6,15,2026420614,29.33794476550179
PMJMO-X2f-frozen,20,6,16,2026420615,13.38998358725189
PMJMO-X2f-frozen,20,6,17,2026420616,107.08284047634265
PMJMO-X2f-frozen,20,6,18,2026420617,65.56689440057085
PMJMO-X2f-frozen,20,6,19,2026420618,79.92966625966073
PMJMO-X2f-frozen,20,6,20,2026420619,136.26935282483396
PMJMO-X2f-frozen,20,6,21,2026420620,18.326344784219373
PMJMO-X2f-frozen,20,6,22,2026420621,125.54606014957767
PMJMO-X2f-frozen,20,6,23,2026420622,75.18355185266341
PMJMO-X2f-frozen,20,6,24,2026420623,55.50338352299423
PMJMO-X2f-frozen,20,6,25,2026420624,19.062155077958778
PMJMO-X2f-frozen,20,6,26,2026420625,114.69367699250097
PMJMO-X2f-frozen,20,6,27,2026420626,11.364386555253077
PMJMO-X2f-frozen,20,6,28,2026420627,39.113700795360955
PMJMO-X2f-frozen,20,6,29,2026420628,10.439437216911756
PMJMO-X2f-frozen,20,6,30,2026420629,22.704887095836966
PMJMO-X2f-frozen,20,7,1,2026420700,21.613036381858137
PMJMO-X2f-frozen,20,7,2,2026420701,25.290638460106493
PMJMO-X2f-frozen,20,7,3,2026420702,2.984896203338849
PMJMO-X2f-frozen,20,7,4,2026420703,5.28698297759297
PMJMO-X2f-frozen,20,7,5,2026420704,4.308480613019356
PMJMO-X2f-frozen,20,7,6,2026420705,21.619318888774842
PMJMO-X2f-frozen,20,7,7,2026420706,21.989907593189855
PMJMO-X2f-frozen,20,7,8,2026420707,2.6147320928228055
PMJMO-X2f-frozen,20,7,9,2026420708,2.6148439723704087
PMJMO-X2f-frozen,20,7,10,2026420709,20.624584296046578
PMJMO-X2f-frozen,20,7,11,2026420710,24.29193909264336
PMJMO-X2f-frozen,20,7,12,2026420711,20.000336529011975
PMJMO-X2f-frozen,20,7,13,2026420712,19.99997957304754
PMJMO-X2f-frozen,20,7,14,2026420713,14.555960599213677
PMJMO-X2f-frozen,20,7,15,2026420714,19.84852988739408
PMJMO-X2f-frozen,20,7,16,2026420715,9.763498045019787
PMJMO-X2f-frozen,20,7,17,2026420716,33.895194518842345
PMJMO-X2f-frozen,20,7,18,2026420717,21.30707275126133
PMJMO-X2f-frozen,20,7,19,2026420718,19.999997533104533
PMJMO-X2f-frozen,20,7,20,2026420719,5.29052972654199
PMJMO-X2f-frozen,20,7,21,2026420720,3.2971970821611194
PMJMO-X2f-frozen,20,7,22,2026420721,20.31240597395481
PMJMO-X2f-frozen,20,7,23,2026420722,6.281936177598254
PMJMO-X2f-frozen,20,7,24,2026420723,20.92575049795778
PMJMO-X2f-frozen,20,7,25,2026420724,1.3071665147451768
PMJMO-X2f-frozen,20,7,26,2026420725,4.974803887860389
PMJMO-X2f-frozen,20,7,27,2026420726,20.31229136686261
PMJMO-X2f-frozen,20,7,28,2026420727,2.307801087445341
PMJMO-X2f-frozen,20,7,29,2026420728,5.969762859707316
PMJMO-X2f-frozen,20,7,30,2026420729,6.595881975042175
PMJMO-X2f-frozen,20,8,1,2026420800,20.369038890471984
PMJMO-X2f-frozen,20,8,2,2026420801,20.6815060451313
PMJMO-X2f-frozen,20,8,3,2026420802,20.491741597610144
PMJMO-X2f-frozen,20,8,4,2026420803,20.27804271171226
PMJMO-X2f-frozen,20,8,5,2026420804,20.490738675115153
PMJMO-X2f-frozen,20,8,6,2026420805,21.006265360121688
PMJMO-X2f-frozen,20,8,7,2026420806,20.32529099798103
PMJMO-X2f-frozen,20,8,8,2026420807,20.14010591747592
PMJMO-X2f-frozen,20,8,9,2026420808,20.198497482789662
PMJMO-X2f-frozen,20,8,10,2026420809,20.485784333119682
PMJMO-X2f-frozen,20,8,11,2026420810,20.39168699304173
PMJMO-X2f-frozen,20,8,12,2026420811,20.467568473242864
PMJMO-X2f-frozen,20,8,13,2026420812,20.318186470763976
PMJMO-X2f-frozen,20,8,14,2026420813,20.355574709711163
PMJMO-X2f-frozen,20,8,15,2026420814,20.857041292960275
PMJMO-X2f-frozen,20,8,16,2026420815,20.398290052002267
PMJMO-X2f-frozen,20,8,17,2026420816,20.804529723389805
PMJMO-X2f-frozen,20,8,18,2026420817,20.340992453196122
PMJMO-X2f-frozen,20,8,19,2026420818,20.323815231549816
PMJMO-X2f-frozen,20,8,20,2026420819,20.763378963021296
PMJMO-X2f-frozen,20,8,21,2026420820,20.372381631874305
PMJMO-X2f-frozen,20,8,22,2026420821,20.38092181794582
PMJMO-X2f-frozen,20,8,23,2026420822,20.59111418401153
PMJMO-X2f-frozen,20,8,24,2026420823,20.137331310849277
PMJMO-X2f-frozen,20,8,25,2026420824,20.530063081343997
PMJMO-X2f-frozen,20,8,26,2026420825,20.985489671873893
PMJMO-X2f-frozen,20,8,27,2026420826,20.35205485942879
PMJMO-X2f-frozen,20,8,28,2026420827,20.52029930450908
PMJMO-X2f-frozen,20,8,29,2026420828,20.539076908741208
PMJMO-X2f-frozen,20,8,30,2026420829,20.438481596286238
PMJMO-X2f-frozen,20,9,1,2026420900,180.78127167774664
PMJMO-X2f-frozen,20,9,2,2026420901,180.78127167774664
PMJMO-X2f-frozen,20,9,3,2026420902,180.78127167774664
PMJMO-X2f-frozen,20,9,4,2026420903,180.7812716777471
PMJMO-X2f-frozen,20,9,5,2026420904,180.78127167774664
PMJMO-X2f-frozen,20,9,6,2026420905,180.78127167774664
PMJMO-X2f-frozen,20,9,7,2026420906,180.78127167774664
PMJMO-X2f-frozen,20,9,8,2026420907,180.7812716777471
PMJMO-X2f-frozen,20,9,9,2026420908,180.78127167774664
PMJMO-X2f-frozen,20,9,10,2026420909,180.7812716777471
PMJMO-X2f-frozen,20,9,11,2026420910,180.78127167774664
PMJMO-X2f-frozen,20,9,12,2026420911,180.7812716777471
PMJMO-X2f-frozen,20,9,13,2026420912,180.78127167774664
PMJMO-X2f-frozen,20,9,14,2026420913,180.7812716777471
PMJMO-X2f-frozen,20,9,15,2026420914,180.78127167774664
PMJMO-X2f-frozen,20,9,16,2026420915,180.78127167774664
PMJMO-X2f-frozen,20,9,17,2026420916,180.78127167774664
PMJMO-X2f-frozen,20,9,18,2026420917,180.78127167774664
PMJMO-X2f-frozen,20,9,19,2026420918,180.78127167774664
PMJMO-X2f-frozen,20,9,20,2026420919,180.7812716777471
PMJMO-X2f-frozen,20,9,21,2026420920,180.7812716777471
PMJMO-X2f-frozen,20,9,22,2026420921,180.78127167774664
PMJMO-X2f-frozen,20,9,23,2026420922,180.78127167774664
PMJMO-X2f-frozen,20,9,24,2026420923,180.7812716777471
PMJMO-X2f-frozen,20,9,25,2026420924,180.78127167774664
PMJMO-X2f-frozen,20,9,26,2026420925,180.78127167774664
PMJMO-X2f-frozen,20,9,27,2026420926,180.7812716777471
PMJMO-X2f-frozen,20,9,28,2026420927,180.78127167774664
PMJMO-X2f-frozen,20,9,29,2026420928,180.7812716777471
PMJMO-X2f-frozen,20,9,30,2026420929,180.78127167774664
PMJMO-X2f-frozen,20,10,1,2026421000,100.35908713289973
PMJMO-X2f-frozen,20,10,2,2026421001,222.73025550826378
PMJMO-X2f-frozen,20,10,3,2026421002,0.062461855817673495
PMJMO-X2f-frozen,20,10,4,2026421003,100.35305487346932
PMJMO-X2f-frozen,20,10,5,2026421004,100.38550953727872
PMJMO-X2f-frozen,20,10,6,2026421005,100.3854895777963
PMJMO-X2f-frozen,20,10,7,2026421006,100.39165084963952
PMJMO-X2f-frozen,20,10,8,2026421007,118.46957968769175
PMJMO-X2f-frozen,20,10,9,2026421008,100.35775245865307
PMJMO-X2f-frozen,20,10,10,2026421009,100.29934191379289
PMJMO-X2f-frozen,20,10,11,2026421010,100.3609264323859
PMJMO-X2f-frozen,20,10,12,2026421011,100.3448815150573
PMJMO-X2f-frozen,20,10,13,2026421012,224.05898028857564
PMJMO-X2f-frozen,20,10,14,2026421013,100.48467176947315
PMJMO-X2f-frozen,20,10,15,2026421014,224.26031128709792
PMJMO-X2f-frozen,20,10,16,2026421015,0.06246528546080299
PMJMO-X2f-frozen,20,10,17,2026421016,100.48912780302999
PMJMO-X2f-frozen,20,10,18,2026421017,100.37103793560073
PMJMO-X2f-frozen,20,10,19,2026421018,100.43244906648124
PMJMO-X2f-frozen,20,10,20,2026421019,3.6654783628546284
PMJMO-X2f-frozen,20,10,21,2026421020,100.25676414876853
PMJMO-X2f-frozen,20,10,22,2026421021,221.64451518619398
PMJMO-X2f-frozen,20,10,23,2026421022,0.06246216279168948
PMJMO-X2f-frozen,20,10,24,2026421023,100.46853060671356
PMJMO-X2f-frozen,20,10,25,2026421024,100.51499386759679
PMJMO-X2f-frozen,20,10,26,2026421025,100.31941859778954
PMJMO-X2f-frozen,20,10,27,2026421026,100.30250291000539
PMJMO-X2f-frozen,20,10,28,2026421027,0
PMJMO-X2f-frozen,20,10,29,2026421028,100.39581590492344
PMJMO-X2f-frozen,20,10,30,2026421029,228.37447832657563
PMJMO-X2f-frozen,20,11,1,2026421100,400.00000000000045
PMJMO-X2f-frozen,20,11,2,2026421101,300.00000000000045
PMJMO-X2f-frozen,20,11,3,2026421102,300.00000000000045
PMJMO-X2f-frozen,20,11,4,2026421103,400.00000000000045
PMJMO-X2f-frozen,20,11,5,2026421104,300.0000000000009
PMJMO-X2f-frozen,20,11,6,2026421105,300.00000000000045
PMJMO-X2f-frozen,20,11,7,2026421106,400.00000000000045
PMJMO-X2f-frozen,20,11,8,2026421107,300.0000000000009
PMJMO-X2f-frozen,20,11,9,2026421108,300.0000000000009
PMJMO-X2f-frozen,20,11,10,2026421109,300.0000000000009
PMJMO-X2f-frozen,20,11,11,2026421110,300.0000000000009
PMJMO-X2f-frozen,20,11,12,2026421111,300.0000000000009
PMJMO-X2f-frozen,20,11,13,2026421112,300.00000000000045
PMJMO-X2f-frozen,20,11,14,2026421113,300.0000000000009
PMJMO-X2f-frozen,20,11,15,2026421114,400.00000000000045
PMJMO-X2f-frozen,20,11,16,2026421115,300.00000000000045
PMJMO-X2f-frozen,20,11,17,2026421116,300.00000000000045
PMJMO-X2f-frozen,20,11,18,2026421117,300.00000000000045
PMJMO-X2f-frozen,20,11,19,2026421118,300.00000000000045
PMJMO-X2f-frozen,20,11,20,2026421119,400.00000000000045
PMJMO-X2f-frozen,20,11,21,2026421120,300.0000000000009
PMJMO-X2f-frozen,20,11,22,2026421121,400.00000000000045
PMJMO-X2f-frozen,20,11,23,2026421122,300.0000000000009
PMJMO-X2f-frozen,20,11,24,2026421123,300.0000000000009
PMJMO-X2f-frozen,20,11,25,2026421124,300.0000000000009
PMJMO-X2f-frozen,20,11,26,2026421125,300.00000000000045
PMJMO-X2f-frozen,20,11,27,2026421126,300.00000000000045
PMJMO-X2f-frozen,20,11,28,2026421127,300.0000000000009
PMJMO-X2f-frozen,20,11,29,2026421128,400.00000000000045
PMJMO-X2f-frozen,20,11,30,2026421129,300.00000000000045
PMJMO-X2f-frozen,20,12,1,2026421200,240.044050764473
PMJMO-X2f-frozen,20,12,2,2026421201,253.75445621079416
PMJMO-X2f-frozen,20,12,3,2026421202,240.56403948016396
PMJMO-X2f-frozen,20,12,4,2026421203,233.47836329842767
PMJMO-X2f-frozen,20,12,5,2026421204,241.79019030953668
PMJMO-X2f-frozen,20,12,6,2026421205,239.57015659206627
PMJMO-X2f-frozen,20,12,7,2026421206,239.33564452318478
PMJMO-X2f-frozen,20,12,8,2026421207,241.28466916704429
PMJMO-X2f-frozen,20,12,9,2026421208,242.05773145284184
PMJMO-X2f-frozen,20,12,10,2026421209,233.90000513994346
PMJMO-X2f-frozen,20,12,11,2026421210,235.71971637534625
PMJMO-X2f-frozen,20,12,12,2026421211,233.35071871445962
PMJMO-X2f-frozen,20,12,13,2026421212,238.44739983581712
PMJMO-X2f-frozen,20,12,14,2026421213,264.35413241019705
PMJMO-X2f-frozen,20,12,15,2026421214,247.01349147253677
PMJMO-X2f-frozen,20,12,16,2026421215,240.6845097684636
PMJMO-X2f-frozen,20,12,17,2026421216,246.57152602321548
PMJMO-X2f-frozen,20,12,18,2026421217,232.92017685310702
PMJMO-X2f-frozen,20,12,19,2026421218,248.25308669168135
PMJMO-X2f-frozen,20,12,20,2026421219,241.38753540683047
PMJMO-X2f-frozen,20,12,21,2026421220,244.73435407713714
PMJMO-X2f-frozen,20,12,22,2026421221,247.95134482249523
PMJMO-X2f-frozen,20,12,23,2026421222,236.40754031587994
PMJMO-X2f-frozen,20,12,24,2026421223,234.04953002235789
PMJMO-X2f-frozen,20,12,25,2026421224,242.83803995055086
PMJMO-X2f-frozen,20,12,26,2026421225,237.29760735558648
PMJMO-X2f-frozen,20,12,27,2026421226,244.21896867327723
PMJMO-X2f-frozen,20,12,28,2026421227,257.2990985449446
PMJMO-X2f-frozen,20,12,29,2026421228,237.92462768853284
PMJMO-X2f-frozen,20,12,30,2026421229,252.00716855330393
