algorithm,dimension,function,count,mean,std,median,min,max,success_le_1e-8
L-SHADE-1.0.1,10,1,30,0,0,0,0,0,30
L-SHADE-1.0.1,10,2,30,4.315213966709435,1.250660023688462,3.986579112347158,3.986579112347158,8.916101927781312,0
L-SHADE-1.0.1,10,3,30,0,0,0,0,0,30
L-SHADE-1.0.1,10,4,30,2.819121798965989,0.6444242223355846,2.984913521983515,0.9952020886393028,3.979836228373188,0
L-SHADE-1.0.1,10,5,30,0,0,0,0,0,30
L-SHADE-1.0.1,10,6,30,0.3298631840834938,0.1497115666200779,0.3957248564421433,0.0050328820489085,0.4977494039405883,0
L-SHADE-1.0.1,10,7,30,6.225657974331019e-9,3.4099333078530175e-8,0,0,1.8676973922993056e-7,29
L-SHADE-1.0.1,10,8,30,1.055281108086471,1.5375361686684437,0.425682701245023,0.0984325200611238,6.821385497888514,0
L-SHADE-1.0.1,10,9,30,229.2843827084871,0,229.2843827084871,229.2843827084871,229.2843827084871,0
L-SHADE-1.0.1,10,10,30,100.21024152134272,0.0238693657575613,100.21096834155264,100.15399183478576,100.25805237149508,0
L-SHADE-1.0.1,10,11,30,0,0,0,0,0,30
L-SHADE-1.0.1,10,12,30,161.49705039982985,1.697973085259377,161.4352676774106,158.61835455766823,164.9310079029069,0
L-SHADE-1.0.1,20,1,30,0,0,0,0,0,30
L-SHADE-1.0.1,20,2,30,48.94484532408016,0.764805028500287,49.08447897948116,44.89546931745127,49.08447897948116,0
L-SHADE-1.0.1,20,3,30,0,0,0,0,0,30
L-SHADE-1.0.1,20,4,30,4.0462220712263655,0.8639652409282798,3.9798889696760966,2.984894104447676,5.969849485918189,0
L-SHADE-1.0.1,20,5,30,0,0,0,0,0,30
L-SHADE-1.0.1,20,6,30,0.4307836368123086,0.1049032389506281,0.4975404001552306,0.1530769874977977,0.4999999971239504,0
L-SHADE-1.0.1,20,7,30,3.872366581547112,3.447490435512539,2.906112452947127,1.2077473144829582,20.070901772598745,0
L-SHADE-1.0.1,20,8,30,17.891870909240257,4.714272816465232,20.23687253617732,3.264094074874265,20.495293199993284,0
L-SHADE-1.0.1,20,9,30,180.78127167774664,0,180.78127167774664,180.78127167774664,180.78127167774664,0
L-SHADE-1.0.1,20,10,30,100.2768445165842,0.0270567730487613,100.27691553880707,100.22880451841412,100.34695807261414,0
L-SHADE-1.0.1,20,11,30,300.00000000000006,1.668980245070496e-13,300,300,300.00000000000045,0
L-SHADE-1.0.1,20,12,30,233.35818482754885,2.141764621409193,232.4577019655744,231.7372246644395,242.1145930282437,0
L-SRTDE,10,1,30,0,0,0,0,0,30
L-SRTDE,10,2,30,2.650559264898133,3.11860106266306,1.9932895561735795,0,8.916101927781312,15
L-SRTDE,10,3,30,0,0,0,0,0,30
L-SRTDE,10,4,30,0.3316530190310989,0.6034212116988309,0,0,1.9899181141865936,22
L-SRTDE,10,5,30,0,0,0,0,0,30
L-SRTDE,10,6,30,0.3605991391792106,0.1589970809415243,0.4645987687557635,0.0187995526171107,0.4999978458060923,0
L-SRTDE,10,7,30,0.3452149621579565,0.3351397984305694,0.6240993205096856,0,0.9949590570934106,14
L-SRTDE,10,8,30,5.586381735108429,9.018878484456913,0.1848992433820057,0.0039704370788058,20.679013913467767,0
L-SRTDE,10,9,30,229.2843827084872,0,229.2843827084872,229.2843827084872,229.2843827084872,0
L-SRTDE,10,10,30,103.50108493929324,18.22575143996443,100.17154867148928,100.11970254980996,200.00000000000043,0
L-SRTDE,10,11,30,0,0,0,0,0,30
L-SRTDE,10,12,30,164.77835399994242,0.5649412485537499,164.92647473545367,162.70013053532875,164.93100790290737,0
L-SRTDE,20,1,30,0,0,0,0,0,30
L-SRTDE,20,2,30,45.174736628253264,1.0627858150371667,44.89546931745127,44.89546931745127,49.08447897948116,0
L-SRTDE,20,3,30,0,0,0,0,0,30
L-SRTDE,20,4,30,1.0612896608995166,0.8235096891543289,0.9949590570932968,0,2.9848771712798907,7
L-SRTDE,20,5,30,0,0,0,0,0,30
L-SRTDE,20,6,30,0.5322377029329269,0.1818899398189388,0.5,0.4742035199510609,1.4949590570931832,0
L-SRTDE,20,7,30,0.3225790311807865,0.20874249423016,0.3121732559814063,0,0.6243465119628128,6
L-SRTDE,20,8,30,8.037127466972546,10.037752341784335,0.7090825881930414,0.1410498166983416,23.19989392276375,0
L-SRTDE,20,9,30,180.78127167774664,0,180.78127167774664,180.78127167774664,180.78127167774664,0
L-SRTDE,20,10,30,103.84920925765525,19.913181723215825,100.21346204589328,100.17002751406652,209.28248254841765,0
L-SRTDE,20,11,30,316.66666666666714,37.90490217894517,300.00000000000045,300.00000000000045,400.00000000000045,0
L-SRTDE,20,12,30,233.51606937879563,2.646181319022566,232.56229600140293,231.25376114208208,240.13754208998355,0
RDEx-SOP,10,1,30,0,0,0,0,0,30
RDEx-SOP,10,2,30,0.9265864908700416,1.590978294541158,0,0,3.986579112347159,20
RDEx-SOP,10,3,30,0,0,0,0,0,30
RDEx-SOP,10,4,30,0.7628019437715275,0.8130806948364228,0.9949590570932968,0,2.9848771712798907,13
RDEx-SOP,10,5,30,0,0,0,0,0,30
RDEx-SOP,10,6,30,0.3271236573900523,0.1788836573442365,0.3972085305124437,0.0010567329291006,0.4999999245585513,0
RDEx-SOP,10,7,30,0.2743637106427817,0.4093110207954516,0,0,1.6190583776028689,19
RDEx-SOP,10,8,30,1.5100353476039952,5.03488150055011,0.1242735936450571,0.0011241839870308,20.026801478829384,0
RDEx-SOP,10,9,30,190.8287681135491,1.000960650970966,190.7237963671159,189.01462806182053,192.495388981034,0
RDEx-SOP,10,10,30,110.70792240201772,32.11717657499441,100.1855777416929,100.13767270795596,206.51518306518165,0
RDEx-SOP,10,11,30,0,0,0,0,0,30
RDEx-SOP,10,12,30,151.46061343411236,3.395435312257647,150.3175064487557,146.4742684282146,159.0546598991209,0
RDEx-SOP,20,1,30,0,0,0,0,0,30
RDEx-SOP,20,2,30,17.58470625172563,0.0857574473670075,17.56363655429689,17.43075223302276,17.714362673739572,0
RDEx-SOP,20,3,30,0,0,0,0,0,30
RDEx-SOP,20,4,30,1.658265095155495,1.1782175807764992,1.4924385856399451,0,4.9747952854664845,4
RDEx-SOP,20,5,30,0,0,0,0,0,30
RDEx-SOP,20,6,30,0.4965718934606078,0.0168654434486741,0.5,0.4075594029043259,0.5,0
RDEx-SOP,20,7,30,2.3872763061283195,6.083127383950189,0.3121732559814063,0,20.62996337714412,4
RDEx-SOP,20,8,30,14.541988126742323,9.37321126349354,20.37354372337154,0.2471763077364812,20.95389161006233,0
RDEx-SOP,20,9,30,165.6373019529733,0.0856960636610989,165.6193395778189,165.44840318928843,165.82074462239595,0
RDEx-SOP,20,10,30,103.78796832852012,19.58392762378748,100.20898926444124,100.18388661803148,207.4779979003588,0
RDEx-SOP,20,11,30,330.00000000000017,79.43767889097863,300,0,400.00000000000045,1
RDEx-SOP,20,12,30,200.0041867234045,0.0003754676846675,200.00403826880324,200.00357634628287,200.00494555978864,0
jSO,10,1,30,0,0,0,0,0,30
jSO,10,2,30,5.426844356874532,3.1782812265319413,3.986579112347159,0,8.916101927781312,4
jSO,10,3,30,0,0,0,0,0,30
jSO,10,4,30,2.2220752275083706,0.8130806948364302,1.9899181141865936,0,2.9848771712800044,1
jSO,10,5,30,0,0,0,0,0,30
jSO,10,6,30,0.2103319071295345,0.1394017679082768,0.1858803420709591,0.0210396771558407,0.4769174676391685,0
jSO,10,7,30,0.0000308954863612575,0.0001023377016546,0,0,0.0004862302439505,17
jSO,10,8,30,0.2708317035080805,0.2400446931495984,0.1716504608325521,0.0781446102137124,0.90653115466921,0
jSO,10,9,30,229.2843827084872,0,229.2843827084872,229.2843827084872,229.2843827084872,0
jSO,10,10,30,100.15415512050689,0.0254375218477469,100.15691116488529,100.10405439925307,100.21686322870664,0
jSO,10,11,30,0,0,0,0,0,30
jSO,10,12,30,163.08935496550745,1.1402578339763725,162.70013053532875,159.36873363703762,164.93100790290737,0
jSO,20,1,30,0,0,0,0,0,30
jSO,20,2,30,46.57107318226323,2.087269904971355,44.89546931745127,44.895469317451216,49.08447897948116,0
jSO,20,3,30,0,0,0,0,0,30
jSO,20,4,30,6.3677379653971,0.998384055370544,6.46723387110643,3.979836228373188,7.959672456746374,0
jSO,20,5,30,0,0,0,0,0,30
jSO,20,6,30,0.4797241007644364,0.0330001914769664,0.4935479112958774,0.3588278998911392,0.4999999999981809,0
jSO,20,7,30,3.7665217398319024,4.680206640972465,2.3293455043761924,0.3142042126467004,20.369671248664645,0
jSO,20,8,30,15.305684840478063,7.508743182595245,19.97748394035625,0.2141226132521296,20.66557912427743,0
jSO,20,9,30,180.78127167774664,0,180.78127167774664,180.78127167774664,180.78127167774664,0
jSO,20,10,30,100.22992368389636,0.0201010077245814,100.2310411052822,100.1905049415368,100.28270747131,0
jSO,20,11,30,310.00000000000006,30.5128576629366,300,300,400.00000000000045,0
jSO,20,12,30,232.76253905432625,1.6399816357886066,232.26031451679975,230.81071896629007,240.12225590524167,0
